{
    "time": 77.93619725266876,
    "wind_speed": 5.393534476458287,
    "wind_angle": 45.46018561477056,
    "position_z": 314.2984872925136,
    "orientation_x": -0.014970580652963219,
    "orientation_y": -0.015486360445529408,
    "orientation_z": -0.01938451837998784,
    "orientation_w": 0.585791473618849,
    "velocity_x": -0.1444041292316142,
    "velocity_z": 0.3925305664698254,
    "angular_x": -0.0015691427915022415,
    "angular_y": 0.0001367568854614988,
    "angular_z": 0.036990137650098995,
    "linear_acceleration_y": 0.03546577750249457,
    "linear_acceleration_z": -9.795998812195094,
    "payload": 247.56489908105814,
    "power": 512.2143054467963
}