{
    "time": 77.459975556653,
    "wind_speed": 5.394393309900889,
    "wind_angle": 45.47640903354318,
    "position_z": 313.7508654389872,
    "orientation_x": -0.01498278103519891,
    "orientation_y": -0.01545155333121184,
    "orientation_z": -0.03347705839307513,
    "orientation_w": 0.5920668895664828,
    "velocity_x": -0.1482688764203484,
    "velocity_z": 0.3935501668455054,
    "angular_x": -0.001613998831041411,
    "angular_y": 0.00017409878340886886,
    "angular_z": 0.03807397588760932,
    "linear_acceleration_y": 0.03256915238121602,
    "linear_acceleration_z": -9.79659317075321,
    "payload": 250.16072769863396,
    "power": 512.8551986928682
}