{
    "time": 48.99246016785227,
    "wind_speed": 3.3945089771002754,
    "wind_angle": 106.61706744741159,
    "position_z": 31.936781518256595,
    "orientation_x": 0.05259029943095809,
    "orientation_y": 0.04980863180286885,
    "orientation_z": 0.7326690722110898,
    "orientation_w": 0.3375829911840912,
    "velocity_x": 0.44497636888753345,
    "velocity_z": 1.6732936535083185,
    "angular_x": 0.13233530937211466,
    "angular_y": 0.20154260989546652,
    "angular_z": 0.28863761340849975,
    "linear_acceleration_y": 0.4715157076854699,
    "linear_acceleration_z": 0.5187380278705442,
    "payload": 205.63273386579033,
    "power": 110.06893601541064
}