{
    "time": 48.705820665308195,
    "wind_speed": 3.4018030408999103,
    "wind_angle": 106.67796712791042,
    "position_z": 31.575806441685618,
    "orientation_x": 0.053090245379827,
    "orientation_y": 0.049916533021187995,
    "orientation_z": 0.72914690597573,
    "orientation_w": 0.3330339550666111,
    "velocity_x": 0.44363695013657034,
    "velocity_z": 1.6743647591006496,
    "angular_x": 0.13326855830181072,
    "angular_y": 0.20268925300944482,
    "angular_z": 0.28807469824632154,
    "linear_acceleration_y": 0.4726762977521623,
    "linear_acceleration_z": 0.5218430860543164,
    "payload": 206.87094456351477,
    "power": 110.66238902351776
}