{"loss": [0.815974557224442, 0.4603808905710192], "mse": [1.0818216393099112, 0.961505507283351], "mae": [0.6760167457601604, 0.5351844274384134], "val_loss": [0.557368939644412, 0.39073567249273], "val_mse": [0.9379948314867521, 1.0653823472951587], "val_mae": [0.5715701391822413, 0.5386917747949299]}