{"loss": [1.1083201409934402, 0.7589602667789954, 0.6507982367819006, 0.6272435915934576, 0.6275077760219574, 0.6221298629587347, 0.6296205996692955, 0.6385692087086764, 0.6552782600576227, 0.6077098087830977, 0.5963211144719806, 0.5836571451131399, 0.5792602517388084, 0.5603032381116569, 0.5573709514233973, 0.5444879404136113, 0.535026346708273, 0.526149815359673, 0.5150715805493392, 0.5075866705798483, 0.49658978759468375, 0.5197602713649924, 0.5111658373823413, 0.4955194785997465, 0.49279791581166255], "mse": [1.4196395216050086, 0.9985994534059004, 0.91215193890906, 0.8071264605243484, 0.7386911414660416, 0.7314103609555728, 0.8091965004221185, 0.766913055986553, 0.815241499767675, 0.6777766070195607, 0.6531523276459087, 0.6628369779942872, 0.641525346930925, 0.6131622228142503, 0.6131804513853866, 0.6316714155209529, 0.574613236955234, 0.5483846459295842, 0.5321840142661874, 0.5254998634774963, 0.5084183955347383, 0.5218548211571458, 0.5310438058593057, 0.5076155637378816, 0.5001825130992121], "mae": [0.8505439123550018, 0.6462825258056839, 0.5995563125455534, 0.5773757107846149, 0.5688785864161207, 0.5647228269220946, 0.575616398027965, 0.5744301467746883, 0.5870093587157014, 0.5515412577948013, 0.5449637269431894, 0.539767394398714, 0.5377789315852252, 0.5266883102330294, 0.5251365781991513, 0.5192715912670284, 0.5134168528504186, 0.5064072034188679, 0.5016813289809536, 0.4978076469201546, 0.4925462975130453, 0.49972992148492246, 0.505088856467953, 0.49553867129536416, 0.4913917534150086], "val_loss": [0.8674401359425651, 0.586660081313716, 0.5777615358432134, 0.5780308602584733, 0.6174163288540311, 0.5669812021983994, 0.6007596403360367, 0.5702152417765723, 0.565043568611145, 0.5487716529104445, 0.5592375256949, 0.6362445569700665, 0.5424349763327174, 0.5295799010329776, 0.5221189086635908, 0.5340715299050013, 0.5188494722048441, 0.5064899408155017, 0.5027173045608733, 0.4882668662402365, 0.4908556019266446, 0.5292830251985126, 0.491693119208018, 0.4865012259946929, 0.48600178625848556], "val_mse": [0.9469308223989275, 0.9121166517337164, 0.7901006788015366, 0.901472732424736, 0.7178918404711617, 0.609189028541247, 0.8349985447194841, 0.6477587901883655, 0.7604294899437163, 0.5633296039369371, 0.5772103203667535, 0.9788041843308343, 0.5967314276430342, 0.5694600111908383, 0.7283080667257309, 0.6094379706515206, 0.5735050423277749, 0.5112848298417197, 0.5047573082976871, 0.47962568865882027, 0.4781257642640008, 0.5580974717934927, 0.5011946807305018, 0.49981440438164604, 0.493002971013387], "val_mae": [0.6610099838839637, 0.5785952061414719, 0.5702890902757645, 0.5797452496157752, 0.5577683233552508, 0.5060219731595781, 0.5905647741423713, 0.5359340359767278, 0.5588315510087543, 0.5203131602870094, 0.5089722490972943, 0.635366161664327, 0.5160824159781138, 0.5122215631935332, 0.5274532238642374, 0.528120713101493, 0.5227293322483698, 0.4836955401632521, 0.48639941215515137, 0.4753016216887368, 0.4777541541390949, 0.5120910091532601, 0.4893861263990402, 0.48703621990150875, 0.48647590974966687]}