{"loss": [0.8851437235579771, 0.4846805590478813], "mse": [1.1680634503855425, 0.9566110333099085], "mae": [0.7167224721873507, 0.5412006329964189], "val_loss": [0.5852286674474415, 0.3918889784499219], "val_mse": [0.8543466031551361, 1.1145386350782294], "val_mae": [0.5707691311836243, 0.5357323477142736]}