{"loss": [1.1262740190927085, 0.799380469244796, 0.6500197118752963, 0.6235231536549407, 0.6306467493633171, 0.6491561501057117, 0.6432552248626561, 6.028464219012818, 2.582361216668959, 2.564003586769104, 2.54689731226339, 2.528325128864932, 2.5086971861975536, 2.488409996032715, 2.4678976551278846, 2.447617962762907, 2.4281599552600417, 2.410106685254481, 2.394013579789694, 2.3803938580797865], "mse": [1.43821079196868, 1.0058333649263753, 0.9798065207221291, 0.7692959107361831, 0.7606372972587486, 0.7567323047619361, 0.7577315334762845, 44.67053248317211, 41.907627861221115, 26.71536197910061, 25.76981662155746, 25.02346985061447, 23.854900100014426, 23.041565399665338, 22.272411656070066, 21.253263820301402, 20.419079285163384, 19.647518963008732, 19.053416314063135, 18.437320833082325], "mae": [0.8564522289610529, 0.6612947672218471, 0.6060731832857256, 0.5691909437829797, 0.5686642639822774, 0.577453495620133, 0.5720144266431982, 2.9100429113809163, 4.263845700722237, 4.125010334052049, 4.048165999449693, 3.990517554345069, 3.896088258012549, 3.8280762712676806, 3.760434941811995, 3.681039283801983, 3.604273709383878, 3.5332005736115693, 3.48395472532743, 3.420481705046319], "val_loss": [0.9087485935952928, 0.6105489863289727, 0.6054166522290971, 0.5635066744354036, 0.6052120973666509, 0.6664414008458456, 0.6019417958127128, 2.63073648346795, 2.5711626741621227, 2.553860889540778, 2.5364680687586465, 2.517304473453098, 2.497273074256049, 2.4767685333887735, 2.456255224015978, 2.4362681176927357, 2.4173846112357245, 2.4001871082517834, 2.3852340380350747, 2.3729634152518377], "val_mse": [1.2179855869876013, 0.9307380351755354, 0.7865199959940381, 0.6472374763753679, 0.6138555059830347, 0.8382522579696443, 0.6963268236981498, 526.4530625873142, 27.262994130452473, 26.589146084255642, 25.38572491539849, 24.77834743923611, 23.78337966071235, 22.90013027191162, 22.13967333899604, 20.610304408603245, 20.135534074571396, 19.381184789869522, 19.082058058844673, 18.589901394314236], "val_mae": [0.7599693172507815, 0.6022100200255712, 0.5638495633999506, 0.5344370984368854, 0.525927891333898, 0.6079359518157111, 0.5464254220326742, 6.21540543768141, 4.182529131571452, 4.116008943981594, 4.004396729999119, 3.9740204281277127, 3.911514494154188, 3.8121763467788696, 3.7576181093851724, 3.6208610799577503, 3.5612756808598838, 3.5162462923261852, 3.4935654401779175, 3.4487352636125355]}