{
    "time": 77.59783642432781,
    "wind_speed": 5.388356619568162,
    "wind_angle": 45.81263381183537,
    "position_z": 314.0663604689783,
    "orientation_x": -0.014831558382708837,
    "orientation_y": -0.015620269297416929,
    "orientation_z": -0.033469401746940665,
    "orientation_w": 0.587765574181913,
    "velocity_x": -0.15126491211540974,
    "velocity_z": 0.39444038127775205,
    "angular_x": -0.0011935177647303173,
    "angular_y": 6.208174192957837e-07,
    "angular_z": 0.03776132576783266,
    "linear_acceleration_y": 0.036628280723398854,
    "linear_acceleration_z": -9.796977250684112,
    "payload": 248.480281426701,
    "power_smoothed": 513.22078248646
}