{
    "time": 48.68314703217833,
    "wind_speed": 3.3947659751209787,
    "wind_angle": 106.17893336080778,
    "position_z": 31.89555955562635,
    "orientation_x": 0.05295990523987438,
    "orientation_y": 0.049877701773320814,
    "orientation_z": 0.7318328347013695,
    "orientation_w": 0.3347841237637976,
    "velocity_x": 0.4431582543735428,
    "velocity_z": 1.6750148804677245,
    "angular_x": 0.13360085457375534,
    "angular_y": 0.20104229393318412,
    "angular_z": 0.28843440911138013,
    "linear_acceleration_y": 0.47027637440788944,
    "linear_acceleration_z": 0.5196772299257221,
    "payload": 205.96376984747172,
    "power_smoothed": 104.22778890309804
}