{"loss": [1.146192169034636, 0.7642881161980815, 0.6416740049789478, 0.6313957157847169, 0.6247883949960981, 0.63076921716913, 0.6391220313388032, 0.604290891003299, 0.6021872201523224, 0.6138829511481446, 0.5761277876891099, 0.5797082510861483, 0.562130138084486, 0.5554669062038521, 0.5480795473634422, 0.5413170826512498, 0.5285904854536057, 0.5204380454568119, 0.5087299997156317, 0.5010189913310014, 0.4918774405083099, 0.4868608641547042, 0.4750159046092591, 0.4726073532909542, 0.47036728379014253], "mse": [1.4848245571960101, 1.0897599137448646, 0.9300284083787497, 0.8001576073758014, 0.7381031342915126, 0.7602775574891598, 0.7719290016533492, 0.7418958142206267, 0.7353485439504895, 0.7168482520750591, 0.6550394120541486, 0.6661143182934105, 0.6570174351528093, 0.6126929240954386, 0.6073529944791423, 0.5950818241803677, 0.5636568797099126, 0.5725010167081634, 0.5366177686623165, 0.5284208409584962, 0.5076393901140659, 0.5150382501351369, 0.48687197442178604, 0.47957664476586626, 0.47717993483914956], "mae": [0.8779207197102633, 0.6583711226265152, 0.5974901771390593, 0.5774658539078452, 0.5679566684094343, 0.5687661480593991, 0.5750974345129806, 0.557645320892334, 0.5553810902230152, 0.5572231992498621, 0.5359257442223562, 0.5375744609476684, 0.5292407216189744, 0.525592723643625, 0.5220233968326023, 0.5171557121075593, 0.5097718202061468, 0.5075343129309741, 0.4983949620615352, 0.4932887006502647, 0.489492827421659, 0.48795619219928593, 0.4808729873462157, 0.477858634738179, 0.47609855312031585], "val_loss": [0.8734691888093948, 0.6048822345005141, 0.5764592149191432, 0.5759115782048967, 0.5814585073126687, 0.6132018980052736, 0.5890986886289384, 0.5623247772455215, 0.602595679461956, 0.5645919566353162, 0.5469732102420595, 0.5470989396174749, 0.5229402325219579, 0.5182188666529126, 0.5223866568671333, 0.5307526091734568, 0.5055803573793836, 0.49151025546921623, 0.4964076777299245, 0.49064143415954375, 0.47609128720230526, 0.4780511177248425, 0.47632264263100094, 0.477483289109336, 0.4755768080552419], "val_mse": [1.1474332213401794, 1.060951915052202, 0.7179018027252622, 0.735483157965872, 0.6530932552284665, 0.7784033897850249, 0.6451755629645454, 0.6824259145392312, 0.6232633474800322, 0.6471490479177899, 0.6244044883383645, 0.5995480981138017, 0.6279619452026155, 0.533210900094774, 0.5524987015459273, 0.5478084683418274, 0.5702585246827867, 0.5201233989662595, 0.5019659714566337, 0.5375375714566972, 0.5066982557376226, 0.4978848149379094, 0.488909469710456, 0.47125031385156846, 0.4814988954199685], "val_mae": [0.7108811835447947, 0.5883159836133321, 0.5280100504557291, 0.57390815185176, 0.5416625539461771, 0.5654050989283456, 0.5361550483438704, 0.5374998450279236, 0.5268036756250594, 0.5466180344422659, 0.5181385030349096, 0.5073868847555585, 0.5239073352681266, 0.49129284421602887, 0.49633793863985276, 0.49668474826547837, 0.5004160006841024, 0.49372050331698525, 0.4849777536259757, 0.47703257037533653, 0.48039812511867946, 0.4790492438607746, 0.47028450502289665, 0.47436339656511944, 0.4691220505370034]}