{"loss": [1.0213059414835537, 0.5550941522507107, 0.4008447363534394, 0.389283711419386, 0.4187836138641133, 0.3721576637643225, 0.3967181157101603, 0.36911067169378786, 0.345763478318558, 0.33693931032629576, 0.42296429942635927, 0.4027380912619479, 0.3343340440050644, 0.301321095403503, 0.2781351106789182, 0.2533050099497332, 0.24357611138154478, 0.226784619886209, 0.21968966026735656, 0.2071375508847482, 0.1913394245921689, 0.18432102155159502, 0.1733104446902871, 0.16892977853250854, 0.16688634219634182], "mse": [1.3503501748337465, 0.988186141147333, 0.9475101513021132, 0.7586450283141697, 0.7994574060773149, 0.6559861087623764, 0.7473012938657227, 0.6452811121502343, 0.6762815301909166, 0.5711592017289471, 0.7383706039365601, 0.7055622148601448, 0.5718393981018487, 0.5166836280156585, 0.48972611523726406, 0.4713663246263476, 0.43853824673330083, 0.41159769322942286, 0.41176412013523717, 0.4035066433031769, 0.3558804419110803, 0.3542901303838281, 0.35219108554370265, 0.3407140204354244, 0.34294383863315864], "mae": [0.7967675757758758, 0.5660198547822588, 0.5158861251000095, 0.4916665163986823, 0.500447661999394, 0.4706801662550253, 0.4853796693770325, 0.4688105552512057, 0.4603795534109368, 0.44823936920832186, 0.4962330276475233, 0.4888448995702407, 0.44874970045159845, 0.43236775279921646, 0.4221488844384165, 0.41097192948355393, 0.404604373171049, 0.39668893047115383, 0.3940039461149889, 0.39055755186606855, 0.3795011567280573, 0.3767515604986864, 0.37578676903949065, 0.3710201231434065, 0.3702293402131866], "val_loss": [0.7096792192835557, 0.4482088222315437, 0.4395349888425124, 0.5328358529429686, 0.3575280159711838, 0.38770650013497, 0.3177243549572794, 0.4184291747055556, 0.34007881973919113, 0.3493181655281468, 0.3596794848379336, 0.36889505464779704, 0.28752137093167557, 0.3649939918204358, 0.2373641760725724, 0.22392692181624865, 0.22085568544111753, 0.20554697395939575, 0.19119058706258474, 0.1852749239065145, 0.17385809907787725, 0.16370874898214088, 0.161013030103947, 0.15789168759396202, 0.15664083922379896], "val_mse": [0.9407394716614171, 1.2864487045689632, 0.5854105714120363, 2.231298920355345, 0.5697608660710486, 0.7961651667168266, 0.4723726589428751, 0.9987141035105053, 1.2046685344294499, 0.7076676982013803, 0.6474380053971943, 0.677775405739483, 0.4707066338313253, 0.4469596437717739, 0.48427334741542216, 0.45623447863679184, 0.4392681764928918, 0.4059150328761653, 0.38751550959913356, 0.38676562591602925, 0.364540306361098, 0.35929665753715917, 0.3513631781465129, 0.3381662055065757, 0.3313556889954366], "val_mae": [0.6221606370649839, 0.5696030635582773, 0.4447038471698761, 0.69631259378634, 0.45426176645253835, 0.4891632850232877, 0.42330305513582733, 0.5202641879257403, 0.5044383594864293, 0.49152482340210363, 0.48526963826857117, 0.48181525186488505, 0.41032134153340993, 0.4093404765191831, 0.40661544235129105, 0.40808115899562836, 0.4000374988505715, 0.39924771456341995, 0.38817875008834035, 0.38126835227012634, 0.3821719955456884, 0.3739229221093027, 0.3697427299461867, 0.37031291974218267, 0.367640031011481]}