{"loss": [1.202251366980664, 0.8104267569331379, 0.64200695613762, 0.631160939281637, 0.6216049693621598, 0.6278286762051768, 0.7173826578375581, 0.7751219644174947, 0.647118303682897, 0.6054455932084616, 0.5998187622466644, 0.590251246636564, 0.5699098895896565, 0.5724384949191824, 0.5543983621256692, 0.5444858737967231, 0.540280744433403, 0.5246849280673188, 0.5196188750205102, 0.5146783251654018, 0.5033172065174425, 0.493880528134185, 0.48919957585923085, 0.4858032443693706, 0.4822821466179637], "mse": [1.6515041969039224, 1.0143365813540173, 0.9062371861625027, 0.7985997517387589, 0.7490106685595079, 0.7778810912912543, 1.4651704105463894, 1.4642365319388253, 0.8321902949314612, 0.7112056094330627, 0.6944475779672722, 0.6848460145584949, 0.6375121766483629, 0.6310111146855664, 0.6086378565856388, 0.586288372417549, 0.5830573509265851, 0.5700661106543108, 0.5615953609540865, 0.5464765367569862, 0.5266866225313831, 0.5215845856960718, 0.5145304239802546, 0.5025445791808042, 0.5001996246638236], "mae": [0.9279022472245353, 0.665172653151797, 0.5965157275076036, 0.5789009762274755, 0.5681361451551512, 0.573529221794822, 0.6468525519231697, 0.6824300680067632, 0.5878655523448796, 0.5567016909261803, 0.5524276384672562, 0.5469335716266137, 0.5352083431048826, 0.5331912634821682, 0.5245156251377874, 0.5179232271847787, 0.5163211803157608, 0.5095263911145074, 0.5045877582841105, 0.5034523259896737, 0.49591407741045024, 0.4913411599088025, 0.48894034616358867, 0.48630734213760923, 0.4849100536727286], "val_loss": [0.9116920895046658, 0.6221261512902048, 0.5835352076424493, 0.5958409839206271, 0.5911522871918149, 0.5499979439708922, 0.6593579351902008, 0.6288822061485715, 0.6264930648936166, 0.5371668438116709, 0.5373404464787908, 0.5397290165225664, 0.6467404613892237, 0.523092958662245, 0.5191359428895844, 0.5176694028907352, 0.5108664400047727, 0.4955424898200565, 0.5146664083003998, 0.5080203976896074, 0.5027603002058135, 0.5007457319233153, 0.48804788705375457, 0.4911211695935991, 0.4916163608431816], "val_mse": [1.0794563988844554, 0.9843533088763555, 0.9918441573778788, 0.7043910556369357, 0.8080076906416152, 0.6721985505686866, 0.9330257789956199, 0.9172499676545461, 0.8316389040814506, 0.6834299282895194, 0.6958955609136157, 0.5419714980655246, 0.5996911658181084, 0.5709835754500495, 0.538199116786321, 0.5801162140236961, 0.5311142404874166, 0.5587812711795171, 0.5268831385506524, 0.6162189046541849, 0.4709559745258755, 0.5103328261110518, 0.49322646194034153, 0.5368223869138293, 0.4825388060675727], "val_mae": [0.7136671476893954, 0.598729776011573, 0.6000762184460958, 0.5568747868140539, 0.5883193098836474, 0.5420114166206784, 0.6133588734600279, 0.6025386403004328, 0.5787791510423025, 0.5409266650676727, 0.5308993624316322, 0.50518755780326, 0.5214948968754874, 0.5118058489428626, 0.4945613228612476, 0.5145541446076499, 0.4939424925380283, 0.5008696582582262, 0.4969625357124541, 0.5081153213977814, 0.4782945348156823, 0.48809656666384804, 0.4831641266743342, 0.4937978900141186, 0.4797356261147393]}