{"loss": [1.0135849622242592, 0.5901673543540871, 0.4198816164451487, 0.3734760731458664, 0.4016800980795832, 0.38945953876656647, 0.39922969152822213, 0.4178968085085644, 0.3594104782404268, 0.3157960672808044, 0.3092536909834427, 0.2804017320056172, 0.27278485477847214, 0.25663870331995625, 0.2597210164017537, 0.23938786884879365, 0.2222590256920632, 0.2097489860127954, 0.19916809514603195, 0.18660165550296798, 0.1738136502201943, 0.16498972212567048, 0.1589233798577505, 0.15085455282207796, 0.14876220057554104], "mse": [1.2854565758915508, 0.9926708761383506, 1.0030754616155344, 0.7510965795201414, 0.6775560705539059, 0.6727261372348842, 0.6813358543988537, 0.7006134833483135, 0.6711634163032559, 0.6649747043848038, 0.6290981699438656, 0.524628213223289, 0.5123044048600337, 0.5125674561542624, 0.4958536951419185, 0.4603664140929194, 0.430312318398672, 0.44118992546025443, 0.4102447292603114, 0.40301261360154433, 0.38254854466546984, 0.364409425021971, 0.35892170010244145, 0.3504955605329836, 0.34440221823751926], "mae": [0.7829491184914813, 0.5825281660346424, 0.5276411677546361, 0.48800717250389214, 0.48537379897692623, 0.4785232035552754, 0.4808010842431994, 0.4903961715891081, 0.4667770902023596, 0.4527454621651593, 0.445892026538358, 0.42683420198805194, 0.42352688115309267, 0.41841507155229063, 0.4161936184939216, 0.4066737701787668, 0.3979055601007798, 0.39757340686286197, 0.3886134135810768, 0.3867628931560937, 0.3795403877601904, 0.37544695923433585, 0.37274405557443113, 0.3703065214349943, 0.36825527754776616], "val_loss": [0.7357202454617149, 0.4573294826244053, 0.35780764253515945, 0.35425646446253123, 0.3319086910862672, 0.39802701143841995, 0.354141597685061, 0.32243508100509644, 0.2889959502377008, 0.2819281079267201, 0.28932191196240875, 0.273482456411186, 0.240099972015933, 0.23631345833602704, 0.2380520901397655, 0.21527729497144096, 0.2052785785574662, 0.19906326344138697, 0.18018145427892082, 0.16884169649136693, 0.1668933271185348, 0.15907099843025208, 0.15328865812013023, 0.14970578292482778, 0.14914476459747866], "val_mse": [0.908048435261375, 1.095552875807411, 0.7152977860287616, 0.7032373233845359, 0.635862714365909, 0.7094880530708715, 0.5547877793249331, 0.5581535438173696, 0.5376931593606347, 0.6194666090764498, 0.6491247462598901, 0.4978929036541989, 0.48418123157400833, 0.48724333392946345, 0.562064951187686, 0.46392250453170975, 0.4467711017320031, 0.3817323297262192, 0.3884052375429555, 0.3875165848355544, 0.3827628046274185, 0.3611677775257512, 0.3546362111442967, 0.3612643566570784, 0.34850743569825826], "val_mae": [0.6172668306451095, 0.5511537060925835, 0.4749089330434799, 0.4696509124417054, 0.4652823915607051, 0.5093379357927724, 0.45280694569412033, 0.43382600577254044, 0.4349235358991121, 0.4525855928659439, 0.45934552032696574, 0.4201708679136477, 0.42284902616551046, 0.40868400743133143, 0.42236390553022685, 0.39596281083006607, 0.41113398420183284, 0.3783097463218789, 0.3854811473896629, 0.37768514611219106, 0.3842800832108447, 0.3777373519382979, 0.37197361572792653, 0.3727350031074725, 0.3687014909167039]}