{"loss": [1.0572618544101715, 0.5617406935814548, 0.39711813913548694, 0.35911446963162985, 0.4280463450533502, 0.5659990823444199, 0.43766407274148045, 0.40785763303146644, 0.3750115868580692, 0.3265142221661175, 0.3040205056176466, 0.29511237626566605, 0.2761232625035679, 0.27604362094665275, 0.2592018225832897, 0.23283955027513645, 0.22782623154275558, 0.2126298998208607, 0.20564333612427993, 0.191829679917325, 0.18021598507595413, 0.17705027304370613, 0.16748693010167165, 0.16162855917697444, 0.15720823927618124], "mse": [1.4020685737623888, 0.9379758992615868, 0.9683652336106581, 0.732610415229026, 0.7609225003158345, 0.971539177438792, 0.811152874985162, 0.6800011453383109, 0.7349569339524297, 0.5637883579029757, 0.5757911297328332, 0.5146207919015604, 0.4952399327474482, 0.5628735475680408, 0.485759020289954, 0.4547080737264717, 0.4474252324332209, 0.4154875451589332, 0.4079699301544358, 0.39975036790265756, 0.3896384423269945, 0.385067279176677, 0.364958391579635, 0.3641822522177416, 0.36309505232116757], "mae": [0.8193904529599583, 0.5655749372261412, 0.5153617830399204, 0.4797719386132324, 0.5032858083791593, 0.5677675990497365, 0.5056189059772912, 0.48355558930951004, 0.47563210173564796, 0.44453130859662504, 0.43895790923167677, 0.42998189413372206, 0.41992119283360596, 0.4269683361053467, 0.41431252526886325, 0.40401293140123873, 0.40090445363346267, 0.3937323722330963, 0.3904564869316185, 0.38584649014998884, 0.38254328137811494, 0.38180118689642234, 0.3767371368320549, 0.3739219925859395, 0.3710818457252839], "val_loss": [0.7424228191375732, 0.4332974043331648, 0.3227747004283102, 0.3984510765263909, 0.527319679919042, 0.37054672445121567, 0.33697189861222315, 0.3892712122515628, 0.3157374211832097, 0.3032774725242665, 0.27663602601540715, 0.2928852725185846, 0.23503039306715914, 0.25444567478016805, 0.22646577538628326, 0.22191499957912847, 0.20403860823104256, 0.20636023816309476, 0.18543466337417303, 0.17866041609331182, 0.16838171764423973, 0.16087779147844566, 0.15382945655207886, 0.15128354492940402, 0.15063336197482913], "val_mse": [0.8802952170372009, 1.09404792911128, 0.6623087243029946, 1.1472617293659009, 0.8531924094024458, 0.8202109344695744, 0.6723586822810926, 0.7544950011529421, 0.5183542880572771, 0.8351156539038608, 0.4460342197041762, 0.575188370127427, 0.42551381023306595, 0.5253211283370068, 0.44666044806179245, 0.4413471504261619, 0.43664976954460144, 0.38326386715236466, 0.4658723661774083, 0.44207846804669026, 0.357051797603306, 0.4191929839159313, 0.41917567660934046, 0.3817353915227087, 0.38313006256756027], "val_mae": [0.6026352220459988, 0.5527091277273077, 0.46759803671585887, 0.5468125304109172, 0.5468863640960894, 0.47958194346804367, 0.4673488900849694, 0.45529825122732864, 0.4329566288935511, 0.4748611575678775, 0.4099644720554352, 0.4554900032909293, 0.394780916602988, 0.42187793945011337, 0.4027529311807532, 0.4014488952724557, 0.39622797071933746, 0.38238455433594554, 0.4060689893208052, 0.39233267150427165, 0.3746100460228167, 0.38118595198581096, 0.3759474017118153, 0.37360290634004695, 0.3706750069793902]}