{"loss": [1.0716581620714243, 0.6120430075508707, 0.4296649541048443, 0.3778808042407036, 0.39162519508424926, 0.39918142951586666, 0.3849068525082925, 0.3788324015982011, 0.34577479640788894, 0.3698076522525619, 0.361536499879816, 0.3308870440677685, 0.28478702289216656, 0.27203855367706103, 0.253774753826506, 0.24397865606143193, 0.22813941636944518, 0.2264205696170821, 0.20482751310748212, 0.19820404447176876, 0.181372185018571, 0.17255071484867265, 0.1645313850877916, 0.1593416969784919, 0.15699080974959276], "mse": [1.400231499444036, 0.8696801587939262, 0.9920879317557111, 0.7711220797808731, 0.7077056296608027, 0.705119567539762, 0.6900711300618508, 0.7504679915659568, 0.7156499887213987, 0.7401290976387613, 0.6720888049286955, 0.5984739413594499, 0.5502162713776616, 0.5850732596043278, 0.49568061026580196, 0.4665068841594107, 0.4477003214552122, 0.45491329470978065, 0.41750476399765296, 0.41516852619893413, 0.38142459116437855, 0.37609222443664775, 0.3695515446803149, 0.3538881989524645, 0.3559237741591299], "mae": [0.826514779644854, 0.5739792471422869, 0.5265703543144113, 0.48809675938066316, 0.4841316421242321, 0.48581576325437603, 0.4791465684333268, 0.4793989783262505, 0.4665626710390343, 0.4775490500032902, 0.46987080179593144, 0.4504195532816298, 0.4307810793466428, 0.4330475836553994, 0.4167208614594796, 0.41036126214791746, 0.4029449859962744, 0.40400460362434387, 0.3945106340243536, 0.3916439790936077, 0.38348420621717677, 0.38027473692508307, 0.3765346173416166, 0.372672246878638, 0.37273813564987746], "val_loss": [0.7605796158313751, 0.45035877274839503, 0.37131174928263616, 0.34295299492384257, 0.4015922624813883, 0.3424964445201974, 0.4911087563163356, 0.3642966417889846, 0.329401947950062, 0.3161170165005483, 0.3420467235540089, 0.27576390771489395, 0.2427588909080154, 0.2339323374785875, 0.2279337503408131, 0.2225792956979651, 0.21352990912763695, 0.1931009839632009, 0.18540946374598302, 0.17612791218255697, 0.16350581732235456, 0.15542528366571978, 0.15283921027654096, 0.14870224108821467, 0.14859611109683388], "val_mse": [0.9098698167424453, 0.7749521261767337, 0.824601002429661, 0.6964575805162129, 0.6151328871124669, 0.6482890812974227, 0.8582090735435486, 0.5955685871212106, 0.7924758399787702, 0.6281334702905855, 0.8036938576321853, 0.5434557097522836, 0.512401042015929, 0.535897865107185, 0.532338476494739, 0.4122653007507324, 0.40453916160683884, 0.4203589511545081, 0.4382192939519882, 0.3681521203957106, 0.3720445719204451, 0.3612686066251052, 0.3655663665972258, 0.34334918346844223, 0.34302645921707153], "val_mae": [0.6168176610218851, 0.5092026442289352, 0.48904827001847717, 0.47990457870458303, 0.4755216154612993, 0.466769991736663, 0.5431247259441175, 0.44201712702449997, 0.46802596355739395, 0.4468275975239904, 0.4986854407348131, 0.44716918939038325, 0.42308787138838516, 0.42877030294192464, 0.4179759378495969, 0.3959787856591375, 0.3960957236980137, 0.39430723613814306, 0.39299580141117696, 0.37963301257083293, 0.375105871181739, 0.37477320118954305, 0.3759452920210989, 0.3703718695201372, 0.3686869293451309]}