{"loss": [1.2216758290668586, 0.7902223347843468, 0.6501846417978212, 0.6229291949179265, 0.6257510491005787, 0.6291957497596741, 0.7083139164107186, 0.6273193854790229, 0.6134747955706212, 0.6059715863946197, 0.6795295151797208, 0.5986554510407633, 0.5853978298701249, 0.5917797069270889, 0.566903388538918, 0.5611227892048947, 0.5405303396574863, 0.5320694371090307, 0.5200097268664992, 0.5118630398790558, 0.5032832746381883, 0.4963668691260474, 0.4882940218433157, 0.4857888726832031, 0.4846802721549938], "mse": [1.7319401432941486, 1.0646920146106125, 0.9069605984471061, 0.7330972567781225, 0.710144231458763, 0.732314555869474, 0.9165189219759656, 0.7480394174526264, 0.7002675481043853, 0.6797642653638666, 1.4687354224068778, 0.7836018589796958, 0.7199088656283045, 1.3352254222739826, 0.647982481625173, 0.6773609466753997, 0.6801946277355219, 0.5630342164983997, 0.5609907221484494, 0.533635726803309, 0.5216495721758186, 0.5027691911567341, 0.48971148338410764, 0.48722759972919116, 0.5125355225104791], "mae": [0.9528651372952894, 0.6655742328662377, 0.597289677951243, 0.5668524519189612, 0.562795695352864, 0.5644828557194054, 0.6161198530878339, 0.5652116550640627, 0.5564302515673947, 0.549779405261015, 0.6113843921717111, 0.556215635948367, 0.5446752420106491, 0.5680978648461305, 0.52955523268743, 0.5323399371140963, 0.5175896956549062, 0.5093922423464912, 0.5044925127710614, 0.49757975359241685, 0.49515012583949347, 0.4884868444173367, 0.4843097530402146, 0.4834269935434515, 0.48460735632227614], "val_loss": [0.8790899680720435, 0.6377445020609431, 0.5979062418142954, 0.5645879954099655, 0.7095064752631717, 0.8770120508140988, 0.6017665209041702, 0.5669772310389413, 0.556531832449966, 0.783831054965655, 0.5775021231836743, 0.5707334379355112, 0.5275417069594065, 0.5468471315171983, 0.5481559758385023, 0.5230340386430422, 0.5145154562261369, 0.5016340232557721, 0.49167101167970234, 0.48887232111559975, 0.48812972588671577, 0.48334354245000416, 0.47693807300594115, 0.47896084437767666, 0.4763985615637567], "val_mse": [1.1090427570872836, 1.0812866191069286, 0.7076114979055192, 0.6646618545055389, 1.0159802171919081, 1.3101072758436203, 0.7689798540539212, 0.7310416135523055, 0.6556300868590673, 1.8435481852955289, 0.7019317911730872, 0.6646980063782798, 0.6435151812103059, 0.6219801472293006, 0.5605509877204895, 0.7324501044220395, 0.6310796638329824, 0.5243472456932068, 0.55638873245981, 0.5372349619865417, 0.50706890059842, 0.5354883372783661, 0.577365529206064, 0.47545111510488725, 0.511623837881618], "val_mae": [0.7098608911037445, 0.6319193674458398, 0.5505620108710395, 0.533347518907653, 0.6705583549208112, 0.723328583770328, 0.5571295734908845, 0.5566875338554382, 0.535402410560184, 0.7972439378499985, 0.5366413709190156, 0.5343392474783791, 0.5280068963766098, 0.5288618206977844, 0.4978417654832204, 0.5235775808493296, 0.5168857624133428, 0.48863541417651707, 0.48623132208983105, 0.48749860458903843, 0.4887896163596047, 0.48276494443416595, 0.4780986077255673, 0.47608182165357804, 0.47986078759034473]}