{"loss": [1.0789990088382324, 0.7336362592585675, 0.6461010753334343, 0.6242468550607756, 0.6287809916130909, 0.649808145188666, 0.6419112988106617, 0.6066998158182416, 0.601809841471833, 0.5947899725530055, 0.5856818591619467, 0.567817569553078, 0.5628256482350362, 0.5486200776967135, 0.5490745617584749, 0.5316791859540072, 0.5589840804988687, 0.5273208478828529, 0.5174943589931958, 0.5057708218500212, 0.49679936604066327, 0.49096142742540927, 0.4830063370528159, 0.47879353281739473, 0.47515847311391457], "mse": [1.3541962334087916, 0.9933670972074781, 0.9308498482425491, 0.8047382649663207, 0.8040464282422871, 0.7725210073706391, 0.7764402945320328, 0.7094987408294307, 0.6855583310901344, 0.689815191672994, 0.6586188283059504, 0.6169995777792745, 0.6427399905084016, 0.5967731094592578, 0.6042663211172278, 0.5646644362381527, 0.6088591103816962, 0.5473696738481522, 0.541811627033469, 0.5214815439728947, 0.516272481192242, 0.4967966805417816, 0.47888570269206904, 0.47885589108064575, 0.4735969322455394], "mae": [0.8284232825427861, 0.6361092658011944, 0.5988570091786323, 0.5767887327578161, 0.5747376881636582, 0.5810230389817969, 0.5777281112485118, 0.5548577459601612, 0.5508201304194215, 0.5484114538926583, 0.5406125363978472, 0.5299363798135287, 0.527654796064674, 0.5199143309871872, 0.5185536515790147, 0.5095148947718856, 0.5242412796655258, 0.505121076455364, 0.5033185377523497, 0.49393231779723973, 0.49159675062476815, 0.4869391223439923, 0.4816355235003806, 0.4793227914865915, 0.4787704662069098], "val_loss": [0.8008332169718213, 0.5998324197199609, 0.6017864843209585, 0.5784626487228606, 0.6146198312441508, 0.6138493004772398, 0.5564346164464951, 0.6046272259619501, 0.55258632865217, 0.5800910335448053, 0.5642183091905382, 0.5336147869626681, 0.5259377691480849, 0.5291828629043367, 0.5082443315121863, 0.5143730466564497, 0.5569448719422022, 0.5119069673948817, 0.4965890679094527, 0.4910862023631732, 0.4992969897058275, 0.48170675337314606, 0.48312006973558, 0.4830469828512933, 0.48386362940073013], "val_mse": [0.9168588386641608, 0.8410251405504015, 0.8334547099139955, 0.6835404816601012, 0.8714191317558289, 0.6261107557349734, 0.7159648156828351, 0.7033983419338862, 0.6193377193477418, 0.5845337874359555, 0.724878685341941, 0.6042046513822343, 0.614680118030972, 0.5248696837160323, 0.5418143173058828, 0.5393080413341522, 0.5968453188737234, 0.49178649485111237, 0.510642377866639, 0.4856733563873503, 0.5063220345311694, 0.5235772811704211, 0.48384586142169106, 0.47243858211570317, 0.4576038420200348], "val_mae": [0.6465928322739072, 0.5758102039496104, 0.5833997113837136, 0.5485546290874481, 0.595470623837577, 0.5378196802404192, 0.5460869189765718, 0.5624776482582092, 0.5148573236333, 0.5161992493602965, 0.5562629451354345, 0.5206574019458559, 0.5038725882768631, 0.4940872821542952, 0.4960228916671541, 0.49922528366247815, 0.5196928663386239, 0.48798612587981754, 0.4941345850626628, 0.47801167103979325, 0.47994717127747005, 0.4916897151205275, 0.48178721964359283, 0.47624454895655316, 0.4692645702097151]}