{"loss": [0.9762860203490538, 0.5586035420351169, 0.4124675623196013, 0.36119335451546836, 0.35113345459103584, 0.4004239204394467, 0.4088215429116698, 0.3314353448941427, 0.3271173336269224, 0.3184826531830956, 0.31795724766219363, 0.30227390293251066, 0.2836584667949116, 0.2604009149705662, 0.24916957209215446, 0.23961800293010824, 0.21821612930473158, 0.20685715436497154, 0.19881251728271737, 0.18525600126560995, 0.1811878100475844, 0.16792424461420843, 0.15865851982551463, 0.15209024421432438, 0.1481151096522808], "mse": [1.2493452688350397, 1.0169365629553795, 0.9631361273281714, 0.7024131123633945, 0.6449916036251713, 0.6382212627898244, 0.7440757137887618, 0.6383779489380472, 0.5851142303470303, 0.5818591084988678, 0.5636244455681128, 0.5401606224477291, 0.5152403734186116, 0.46538032547515984, 0.4447815856512855, 0.44310346530640826, 0.4071182880331488, 0.3961324588779141, 0.4020019592169453, 0.3899333356496166, 0.38399756864151535, 0.3457837696461117, 0.34374928485383005, 0.34619962106294494, 0.32826698319438624], "mae": [0.7622405825292363, 0.5693629403762958, 0.5194591130403912, 0.476953350007534, 0.46480313009198976, 0.4775455764987889, 0.4886673785307828, 0.45247069855823235, 0.44774271766929064, 0.4434134646811906, 0.4448626598014551, 0.4357068047803991, 0.4272424902986078, 0.4142974380622892, 0.40856725591070514, 0.40262971161042943, 0.39460674519924555, 0.3894816406947725, 0.3887885293978102, 0.3837809810305343, 0.3819514929371722, 0.37296029070720954, 0.3695809834581964, 0.3682637893978287, 0.36564235564540415], "val_loss": [0.6790095865726471, 0.4358116764771311, 0.3363969788739556, 0.3334660604596138, 0.333052626565883, 0.32858191273714366, 0.35028897696419764, 0.3178079712547754, 0.2952391128791006, 0.33519810987146276, 0.3246949805240882, 0.2506786980911305, 0.26342147353448364, 0.2479553242263041, 0.24921485703242452, 0.21010518662239375, 0.22758972605592326, 0.19832602849132136, 0.1801900620523252, 0.17779135645220154, 0.16464992181250923, 0.1567534590630155, 0.14998546928951614, 0.14680458585682668, 0.14570545111047595], "val_mse": [0.9326850771903992, 0.9571021356080708, 0.8742494347848391, 0.5697792423398871, 0.7046700417995453, 0.5739998935084594, 0.6521745277078528, 0.5014185066285887, 0.48308049769778, 0.6987499092754564, 0.5925182919753226, 0.43733455868143783, 0.4334898606726998, 0.43136486097386006, 0.45426660619283976, 0.47356230647940384, 0.4258307955766979, 0.4302339875384381, 0.3818808770493457, 0.4117503793616044, 0.36285315846142013, 0.3330800066653051, 0.34618848797522095, 0.3327735246796357, 0.3312503287666722], "val_mae": [0.6141654033409921, 0.5095129562051672, 0.5082643149714721, 0.45240471159157, 0.46726825362757635, 0.45933772701966136, 0.47622622549533844, 0.42584162715234253, 0.4259262696692818, 0.47176106038846466, 0.45940226630160685, 0.41339797173675735, 0.4017621608156907, 0.3975189783071217, 0.40171338774655996, 0.39286969209972183, 0.4039421128599267, 0.3916479302080054, 0.3813091610607348, 0.3794656293956857, 0.3802048767867841, 0.36806159192009974, 0.3708322589334689, 0.36579675109762894, 0.3648776098301536]}