{"loss": [1.061506445144678, 0.7499272413068003, 0.643542421328557, 0.6162886666013049, 0.6278682970381403, 0.6153204510738324, 0.6319274108905297, 0.6076106963219581, 0.6072857488285411, 0.6094943358526601, 0.661144120739652, 0.5956920273118205, 0.5770195590985285, 0.5910454789152393, 0.5710237270051782, 0.5857250053774227, 0.5634411387629323, 0.5385900056594378, 0.5308053094845313, 0.5181254580036386, 0.5133390792391517, 0.5063866065307097, 0.49990080606627774, 0.4955284142649019, 0.4925593722176242], "mse": [1.3365469772320289, 1.0268527191954773, 0.918176424580735, 0.7510732911623917, 0.7731402046107626, 0.7139949134804986, 0.7857510331389191, 0.726549090116055, 0.7355641320154265, 0.7185960400414158, 0.8407104501089493, 0.717776995394137, 0.6761462206577326, 1.0782874034983772, 0.6774524982486453, 9.050831958651543, 1.0219832598776013, 0.5860071859576486, 0.5714979928422284, 0.5686944705712331, 0.556162144843634, 0.534097684281213, 0.5239552983215877, 0.5194962665245131, 0.5211736275391146], "mae": [0.8158823031109649, 0.646222257768953, 0.5948999547339106, 0.5667286468790723, 0.569793322837198, 0.560202825379062, 0.5711157275484754, 0.5579894788853534, 0.5573471500114962, 0.5551297351137384, 0.5862010392275724, 0.5509575516372532, 0.5397147464674789, 0.5546058865336628, 0.5375411914927619, 0.5855289550570698, 0.5367397197655269, 0.5155355790992836, 0.5115542278274313, 0.5052972739780104, 0.5045317800401093, 0.49693549317973, 0.49379327061114375, 0.4936654668349724, 0.4914918737365054], "val_loss": [0.8453259501192305, 0.6075385494364632, 0.6383603562911352, 0.6002430684036679, 0.5564373152123557, 0.5776207248369852, 0.5645392354991701, 0.5895664203498099, 0.5486631708012687, 0.5811546097199122, 0.5809170827269554, 0.5608305682738622, 0.5442109414272838, 0.53638373563687, 0.5371793657541275, 0.563458209236463, 0.5175083875656128, 0.5174798725379838, 0.5038928960760435, 0.4975416652030415, 0.4963233023881912, 0.4876042844520675, 0.4866413366463449, 0.484150704410341, 0.48336437510119545], "val_mse": [0.8932004537847307, 1.0103566497564316, 0.7454159706830978, 0.8050684067938063, 0.6505334311061435, 0.7154715326097276, 0.6244058426883485, 0.686559894018703, 0.6819603641827902, 0.7747828794850243, 0.7681583878066804, 0.7399790949291654, 0.6133673439423243, 0.6840688354439206, 0.6010482360919317, 2.404006456335386, 0.8494516213734945, 0.608177951640553, 0.5410117093059752, 0.5332353032297559, 0.5567424909936057, 0.5054056694110235, 0.5165179885096021, 0.51184667315748, 0.5084710617860159], "val_mae": [0.6308756371339163, 0.5953883462482028, 0.5615741925107108, 0.5784121917353736, 0.5249995705154207, 0.5565460671981176, 0.521261011560758, 0.5457579543193182, 0.5276242709822125, 0.5577033327685462, 0.5508173174328275, 0.559603664610121, 0.5213306347529093, 0.5389504366450839, 0.519253682759073, 0.5720691714021895, 0.5139662937985526, 0.5070127861367332, 0.5008573763900332, 0.4919448759820726, 0.4999376138051351, 0.4889667232831319, 0.4903686030043496, 0.48727264006932575, 0.48143523269229466]}