{"loss": [0.991335037000039, 0.5462832621791783, 0.396410263636533, 0.3664897031643811, 0.4005545763408436, 0.41577055261415596, 0.3936214865568806, 0.3331143917406307, 0.32633211726651473, 0.3180737221503959, 0.30509711352779584, 0.2935246034141849, 0.2734043537913, 0.271968217457042, 0.2339906920952832, 0.22973947018823204, 0.41232437355553403, 0.34958592780372677, 0.2717642421450685, 0.24507963810773456, 0.22460857417215319, 0.21046643769916365, 0.20264157346066305, 0.19365393008817644, 0.19105433196048527], "mse": [1.2325658837662024, 1.0017646660699564, 0.8978363617378122, 0.6613993033328477, 0.639145394677625, 0.6475135002504376, 0.7319956163273138, 0.5904389762264841, 0.5909925637876287, 0.5799226059633142, 0.5700516262475182, 0.5520662038641817, 0.48201653142185774, 0.5110121009980931, 0.4319636372520643, 0.4270237068481305, 1.6789305367890526, 0.5834674581008799, 0.43902858127565947, 0.4196196720004082, 0.3891991416321081, 0.3662609631086097, 0.3521537524374092, 0.3507367545629249, 0.35492636679726486], "mae": [0.7656802679685986, 0.564774544142625, 0.5092692421201397, 0.47377030091250644, 0.4806092486662023, 0.4860035560148604, 0.48451882074860964, 0.4507068871136974, 0.447486772256739, 0.4453730778220822, 0.43925562720088396, 0.43405211278620887, 0.4189999800394563, 0.422684008584303, 0.4019603396163267, 0.39869333409211216, 0.5233350911122912, 0.4565892070531845, 0.4125579065259765, 0.4022940864019534, 0.3941001035273075, 0.3866234952036072, 0.3819767330937526, 0.3787183437277289, 0.3776334719184567], "val_loss": [0.6842517742985174, 0.44408309224404785, 0.3867957199874677, 0.35111691214536367, 0.37409653710691554, 0.4375713781306618, 0.34977811418081584, 0.3611211227743249, 0.2835928766350997, 0.3243401183893806, 0.3840279547791732, 0.26014612693535655, 0.25219063186331797, 0.2517551881702323, 0.23075348099595622, 0.2205499869428183, 0.3585212528705597, 0.2902239251293634, 0.24386963993310928, 0.22030951474842272, 0.19826877685753921, 0.19362308261425873, 0.18543030890194992, 0.18145760658540225, 0.1808377078881389], "val_mse": [0.8268198480731562, 0.8997774861360851, 0.9666840245849208, 0.6170783991876402, 0.6497223534082112, 0.8578840290245257, 0.5225349892126886, 0.5154614691671572, 0.6476839984718122, 0.8792499868493331, 0.7400168384376326, 0.5179318769981986, 0.5938962039194609, 0.44285932889110163, 0.44083536298651443, 0.41180388394155, 0.6298507663764452, 0.4447636470982903, 0.41248654378087896, 0.40029211499189077, 0.37164290641483505, 0.36515350404538605, 0.3461432347172185, 0.3671333468274066, 0.35557061276937785], "val_mae": [0.5739876329898834, 0.5324330816143438, 0.5288839920570976, 0.4621187111264781, 0.4768653276719545, 0.5242107659578323, 0.4346130121695368, 0.4450348913669586, 0.4538246330462004, 0.4901338549036729, 0.4941587832413222, 0.42682890045015437, 0.42852994250623805, 0.4084696989310415, 0.41139980366355494, 0.38913886170638234, 0.45218467163412196, 0.40889456005472885, 0.4128772569330115, 0.3945328601096806, 0.3840677620548951, 0.3830197077048452, 0.377385645320541, 0.384089447950062, 0.37607385061289134]}