{"loss": [1.1929102526868092, 0.6454247998840669, 0.4568732880494174, 0.3809618165387827, 0.37074027429608736, 0.41888292024240775, 0.40011392840567755, 0.3956096446251168, 0.3404745714848532, 0.32599548414787827, 0.29975893929162445, 0.28714891534079523, 0.27583705929710584, 0.26850652968620553, 0.2577696345089113, 0.2402472077485393, 0.2982818439383717, 0.32457405799890265, 0.2562880155575626, 0.2318340253961437, 0.21761642243055737, 0.20353345057981856, 0.19722066945670283, 0.19091609985951116, 0.18762413100065553], "mse": [1.6515258204411059, 0.8661314266569474, 0.9382372415241074, 0.706220273147611, 0.6534026780110949, 0.7761271565276033, 1.0421075928298866, 0.7678286926273037, 0.6403586191727835, 0.61316986864104, 0.5504056408124811, 0.5211017361896879, 0.5366455316543579, 0.5025450486470672, 0.5006947050638059, 0.4659259323688114, 0.5307423406664062, 0.551518692251514, 0.4759597072706503, 0.43513521749307127, 0.43253396539127126, 0.4134891811100876, 0.398127553436686, 0.3865935876965523, 0.38711931403068933], "mae": [0.9236558167373433, 0.5842701058615657, 0.5306674266124473, 0.4825281908406931, 0.473256464171059, 0.49705009951310997, 0.5004354114918148, 0.4832279905676842, 0.4567061699926853, 0.45064791204298243, 0.43608104130801034, 0.42869460670387044, 0.42570560074904384, 0.4216481094412944, 0.41748232043841305, 0.40906568528974757, 0.43757522018516765, 0.449939235825749, 0.41623642229858565, 0.4044254036510692, 0.3998585663297597, 0.39368753266685147, 0.39002035098040805, 0.3853827598778641, 0.3854614689069636], "val_loss": [0.8463740254703321, 0.462812959363586, 0.38796872527975784, 0.3719673556716819, 0.39306425812997314, 0.34440756471533523, 0.46397942461465536, 0.32306992105747523, 0.3342631757259369, 0.3088998355363545, 0.2882221509751521, 0.24582985553302264, 0.2945091367552155, 0.26419150633247274, 0.2257466794628846, 0.24065869576052615, 0.46033712123569687, 0.26249300531650843, 0.21846343263199455, 0.2151588574051857, 0.1940619698480556, 0.18992455852659126, 0.17710703454519572, 0.17461324228267922, 0.173039615938538], "val_mse": [0.9975886564505728, 0.7985254667307201, 0.6379546585835909, 0.6117354341243443, 0.7392533452887284, 0.786204941178623, 2.3487805033984936, 0.566650578850194, 0.6070404186060554, 0.8158906360990122, 0.5473353478469347, 0.5264433104740945, 0.5141051341044275, 0.6227156841441205, 0.4337362937237087, 0.5952733362975874, 0.7031937100385365, 0.47973879073795517, 0.4484141155293113, 0.4120054284208699, 0.4346321781999187, 0.41599941802652257, 0.3879407126652567, 0.3975538470243153, 0.39028667148790863], "val_mae": [0.6692026132031491, 0.5134353190660477, 0.45848002010270167, 0.47068376368597936, 0.5104666399328333, 0.49012675724531474, 0.6397467192850614, 0.43983348027655955, 0.4468237138108203, 0.4729607669930709, 0.4320484831144935, 0.4197754608957391, 0.4216339690120597, 0.4336407498309487, 0.40044469347125605, 0.4277730341020383, 0.5158170485182813, 0.422429117717241, 0.40437446377779307, 0.39663286428702504, 0.4000943718772185, 0.39208578828134033, 0.38191821779075424, 0.38820937981731013, 0.3855616771861127]}