{"loss": [1.224660661313441, 0.8383951628362978, 0.6565403307413126, 0.6280369185782099, 0.6291164422964121, 0.6227459168279326, 0.6116776315422802, 0.6909224367760992, 0.6632257831561101, 0.6160902055827054, 0.5997791147077238, 0.6107764073780605, 0.572912139164937, 0.5755190646106546, 0.5597125280213047, 0.5599406464146329, 0.5429743725758094, 0.5292719739985157, 0.5191777613642928, 0.5094148468274575, 0.5028221384658442, 0.49450141984921, 0.4887235981303376, 0.486701539391047, 0.4842795358075724], "mse": [1.6647585386579686, 0.986286450903137, 0.9394054765051062, 0.80163543603637, 0.7512432638700907, 0.7134651084998985, 0.6868224941290818, 1.0937630729628849, 0.8089159127179678, 0.7295131822685142, 0.7263532681511594, 0.7582200626274208, 0.6254892751768037, 0.649907626308404, 0.5979362137905964, 0.613924661433542, 0.5607071383432909, 0.5493219235500733, 0.5242720759147174, 0.5100211576594935, 0.4899930671437994, 0.4844400631142901, 0.4785615836645102, 0.46917450118374515, 0.4740901989983274], "mae": [0.9424375024708834, 0.6753529136057024, 0.6012828369419296, 0.5769284851365275, 0.5722473823017888, 0.5641712538607708, 0.5542356108690237, 0.6103052765905083, 0.5898955619180357, 0.5597021908729107, 0.5510131128422626, 0.5555274778759325, 0.5326200121795976, 0.5365003573817092, 0.5239475286239154, 0.5267376615242525, 0.5121333479107201, 0.5068695115578639, 0.5009283078955366, 0.4948654646997328, 0.48873934827067633, 0.4864961789412932, 0.48395728329559423, 0.4815157243570724, 0.4824468499267256], "val_loss": [0.93058709303538, 0.670679541097747, 0.5668204857243432, 0.543046772480011, 0.5634074095222685, 0.5848049852583144, 0.5870620956023535, 0.5986258660753568, 0.5854196730587218, 0.5493411223093668, 0.7419957733816571, 0.5905425738957193, 0.5393378585577011, 0.5321859485573239, 0.5657914247777727, 0.5198284255133735, 0.526201433605618, 0.5087946082154909, 0.5027719785769781, 0.49587966832849717, 0.49061709145704907, 0.4882984773980247, 0.4890639591548178, 0.48452068120241165, 0.4858385730120871], "val_mse": [1.1936281787024603, 0.828551216257943, 0.7829930186271667, 0.665959871477551, 0.7596174942122565, 0.7893775850534439, 0.6849031680160098, 0.756747735871209, 0.8893352730406655, 0.6678441680139966, 13.216398729218376, 0.6529146879911423, 0.6174398693773482, 0.6097583754195107, 0.8424215681023068, 0.5734700924820371, 0.523930506573783, 0.5035255766577191, 0.49579208758142257, 0.5165624933110343, 0.47940036323335433, 0.46375715567006004, 0.45250820616881055, 0.4751000056664149, 0.4506979220443302], "val_mae": [0.7621391548050774, 0.5976038459274504, 0.5413685739040375, 0.5349317342042923, 0.565532503856553, 0.5641903082529703, 0.5506683505243726, 0.5747485541635089, 0.572937097814348, 0.5382417142391205, 0.7720333304670122, 0.5153531200355954, 0.5272835575871997, 0.5157466448015637, 0.5538752840624915, 0.5092914766735501, 0.48598189486397636, 0.4851460986667209, 0.49368492927816177, 0.4914548910326428, 0.4816594156954024, 0.4805626786417431, 0.47374746534559464, 0.479961762825648, 0.47558244234985775]}