{"loss": [1.1141372663634164, 0.7649043504293863, 0.6402166091002427, 0.6200710058986366, 0.6279978736654505, 0.6291208495567371, 0.6329825040581939, 0.6163266533380979, 0.6252579557431208, 0.5930277914195866, 0.7478878958658739, 0.6772179901599884, 0.609063703131366, 0.5808516113789051, 0.5709456333092281, 0.5641051919816377, 0.54604079138923, 0.5373239660417879, 0.530543937311544, 0.5192629712355601, 0.5142451724061718, 0.5055165124403966, 0.5014789990790478, 0.49587369197374814, 0.4933732266162897], "mse": [1.4127135574817657, 0.9893083591739853, 0.916354861739394, 0.7558145329549715, 0.7670693246575145, 0.7681131732541245, 0.7413717545085139, 0.7329355787921261, 0.7473258329676343, 0.6855611208971445, 1.004870909762073, 0.800290457420535, 0.6646940334663762, 0.6193419512990234, 0.5940769935970183, 0.5833622426181645, 0.5595769040383302, 0.549998747838008, 0.5364271477832423, 0.5216177670986621, 0.5209550741431, 0.4991107795919691, 0.487968015012803, 0.48578577749914936, 0.47818434780294244], "mae": [0.8502535320721664, 0.6465438701115646, 0.5962446614519342, 0.5685951928426694, 0.5701119864915872, 0.5700898238203742, 0.5695582159927913, 0.5608633690840238, 0.5679807165613422, 0.545758571330603, 0.6426270188062222, 0.5912592329762199, 0.5484912910244681, 0.5337947533502208, 0.5273700193925337, 0.5224093496799469, 0.5144061326206505, 0.508916720167383, 0.5049704429391143, 0.5021145330234007, 0.49723280792112473, 0.49359327883689436, 0.4890433294432504, 0.4874675167458398, 0.48428805927177526], "val_loss": [0.8864685793717703, 0.6242323832379447, 0.6011226135823462, 0.579904280602932, 0.6329481105009714, 0.5912979948851798, 0.6205574687984254, 0.6300887333022224, 0.558022210167514, 0.5753226834866736, 0.657580321861638, 0.6326096819506751, 0.5808204288283983, 0.5870892289612029, 0.5587552686532339, 0.5658936434321933, 0.519699789583683, 0.533684973915418, 0.5126043202148544, 0.4944127682182524, 0.5027967476182513, 0.4868612074189716, 0.48567572153276867, 0.4848516633113225, 0.48420685281356174], "val_mse": [0.9701066199276183, 1.1958165135648515, 0.9087748958004845, 0.7805030114120908, 0.6986482921573851, 0.7174999415874481, 0.7681160602304671, 0.717432384689649, 0.6278369906875823, 0.625641879108217, 0.8060184386041429, 0.6194306396775775, 0.6463716195689307, 0.6204557667175928, 0.6957700633340411, 0.5704384280575646, 0.5069268974992964, 0.5738040506839752, 0.4842332038614485, 0.5201032559076945, 0.4695712973674138, 0.5479138692220052, 0.493250020676189, 0.48309847546948326, 0.46177008582486045], "val_mae": [0.6730604800913069, 0.6318285978502698, 0.5844146824545331, 0.5720436142550575, 0.5601891494459577, 0.5550192693869272, 0.5684408826960458, 0.5767612606287003, 0.527949697441525, 0.5235870099729962, 0.5824414177073373, 0.5342778364817301, 0.5300410191218058, 0.5347596721516715, 0.5536077684826322, 0.5072425670093961, 0.49145836300320095, 0.5318263686365552, 0.4874185125033061, 0.4873245656490326, 0.48283422158824074, 0.4872407482730018, 0.4843299637238185, 0.48011622495121425, 0.4748167329364353]}