{"loss": [0.993188359281596, 0.5427065051215536, 0.4003002882442054, 0.37448324964326973, 0.3880360957015963, 0.527405505780788, 0.46142589278957424, 0.47129786167951193, 0.43490669065538573, 0.3849379640510854, 0.3503814228974721, 0.30903732645161014, 0.2972465498263345, 0.27529472222223, 0.2543072464930661, 0.2428485446554773, 0.22953442374573035, 0.21912791963447542, 0.20594480009201696, 0.19419025865328662, 0.18405817021780155, 0.17856979287941666, 0.16832408402115107, 0.16444292407044592, 0.1604171575540129], "mse": [1.227192397503292, 0.9973766939604983, 0.9455399153863683, 0.7697711720624391, 0.6683429952930001, 0.9084560380262487, 0.732684300007189, 0.7713628189966959, 0.6787015957867398, 0.6119276861495831, 0.5163195400553591, 0.5121989283053314, 0.4897664513658075, 0.47815293555750565, 0.45862208284875927, 0.44945089431370006, 0.4352296091177884, 0.41051847224726395, 0.3923172473030932, 0.39080133606844086, 0.37411686449366455, 0.37539855368873654, 0.3580050529802547, 0.3536228443331578, 0.353494557825958], "mae": [0.7690984926679555, 0.5613583205815624, 0.5136829088715946, 0.4860551168813425, 0.478578992845381, 0.5513188227572862, 0.5052150358610293, 0.5139203956898521, 0.48499107119791646, 0.46286635692505274, 0.4419383831760463, 0.43114037044784603, 0.42570195610032363, 0.4182921119910829, 0.40903185220325694, 0.40606040091199036, 0.4008847781840493, 0.39332372344592037, 0.3874017813188188, 0.38574569234076667, 0.3808632295797853, 0.3771129353519748, 0.3728731964879176, 0.37216153127305646, 0.3706541118376395], "val_loss": [0.6548657385926497, 0.42142248624249506, 0.32979018045099157, 0.37060634242860896, 0.4155648084063279, 0.520685696288159, 0.4055439625915728, 0.5233011826088554, 0.39129645024475296, 0.4239490353747418, 0.32162437548762873, 0.27641945410715907, 0.2675345273394334, 0.2649842014438228, 0.2274564430117607, 0.219989417807052, 0.19723298988844218, 0.18912937335277857, 0.19120818376541138, 0.16835469517268634, 0.16904852911829948, 0.15742841304132812, 0.15176746974650182, 0.14983342901656502, 0.14923643360012456], "val_mse": [0.8481622306924117, 1.0118083875430257, 0.7156910308097538, 1.175150808535124, 0.5288420343085339, 0.6730571153916811, 0.6333630061463306, 0.6627721919825202, 0.6880602389574051, 0.666204118414929, 0.4949957218609358, 0.6026677152043894, 0.48609139025211334, 0.47715690261439275, 0.40239757691559036, 0.4562015376592937, 0.4189624935388565, 0.4239547880072343, 0.42198841979629115, 0.4161894227329053, 0.3775341495087272, 0.36126046196410533, 0.33953995845819773, 0.375609447297297, 0.35523411553157], "val_mae": [0.589506712399031, 0.5426084336481596, 0.4608310539471476, 0.5406982349722009, 0.45922486562477915, 0.5066563141973395, 0.4838891005829761, 0.5018188192656166, 0.4606639829121138, 0.5049044623186714, 0.42049928087937205, 0.45206396830709356, 0.43308002384085403, 0.424944649401464, 0.39173254449116557, 0.4115855380108482, 0.3973918988516456, 0.3923577462372027, 0.3950011212574808, 0.3801116088503285, 0.38272620345416825, 0.3744948286759226, 0.36820866559681137, 0.36896478110238123, 0.3660589527142675]}