{"loss": [1.0915613317644441, 0.7547814757018895, 0.647051610342868, 0.618355414310059, 0.6260084699500691, 0.6347502195215845, 0.6233149074114762, 0.6125787902962078, 0.5985919933814507, 0.6006846648532075, 0.5803008108557045, 813298730.1660906, 2.470702731764162, 303.85106530901675, 2.471833116048342, 2.472348007288846, 2.472287147076099, 2.4720697697106893, 2.4721894388075, 2.4721658136937523, 2.4720147414640947, 2.4718613547164123, 2.4718526292156864, 2.4717248353091152], "mse": [1.3597749951597933, 1.0147366163792548, 0.9081075930750215, 0.7743602023496257, 0.7378489210621103, 0.7614019563445797, 0.7241018621565459, 0.7168087775444055, 0.6893222742266469, 0.6954856878751284, 0.6477262772522964, 11.912098912836669, 13.862253319133412, 13.811800777138053, 13.785418745759246, 13.768718106406075, 13.779371695085006, 13.745299865673115, 13.822577135903495, 13.784129954003669, 13.776092058652408, 13.850133586239505, 13.811823826331597, 13.851420390141474], "mae": [0.8309966101274862, 0.6471066068519246, 0.5973527748863419, 0.5701710202477195, 0.5681169396871096, 0.5708503984398656, 0.5625737793259806, 0.5585395182882037, 0.547677949264452, 0.5502775655938433, 0.5373318379188513, 2.533301251662242, 3.0762275643162913, 3.068878509781577, 3.075431924361687, 3.0721769781855794, 3.0710692390218957, 3.0678779165466112, 3.076443901309719, 3.073354728810199, 3.0730996395086314, 3.0824434014109823, 3.0724985676926453, 3.0804778740003513], "val_loss": [0.8407244880994161, 0.5996189986666044, 0.5621656667855051, 0.5894136387440894, 0.5856963379515542, 0.6502801759375466, 0.5798687189817429, 0.5576314015520943, 0.5489893961283896, 0.5367545319928063, 0.5644742614693112, 2.4710156785117254, 2.4743347697787814, 2.4745542075898914, 2.4743117226494684, 2.4747069014443293, 2.4746634827719793, 2.4745078881581626, 2.474574406941732, 2.474390493498908, 2.4743368360731335, 2.474267760912577, 2.4741501410802207, 2.474122497770521], "val_mse": [0.9280526853270001, 0.910291443268458, 0.8432637850443522, 0.8178840859068764, 0.7856399284468757, 0.7679527981413735, 0.6591812852356169, 0.6774585064914491, 0.5761282559898164, 0.6883310245143043, 0.6214422004090415, 13.88639752070109, 13.966818385654026, 13.779798931545681, 13.751363065507677, 13.786838319566515, 13.640072504679361, 13.831180254618326, 13.787365701463488, 14.010133107503256, 13.703017817603218, 13.740899244944254, 13.867170121934679, 13.780248747931587], "val_mae": [0.6625587658749686, 0.5931011885404587, 0.5620851367712021, 0.5677964405881034, 0.5821496612495847, 0.5923729207780626, 0.5400399565696716, 0.5279480152659946, 0.5032906979322433, 0.5338696870538924, 0.5168009450038274, 3.0784277651045056, 3.093947662247552, 3.0730874008602567, 3.0711879597769842, 3.0811406241522894, 3.0603922605514526, 3.077200094858805, 3.0905874967575073, 3.1099483966827393, 3.068823258082072, 3.0662705103556314, 3.077425148752001, 3.083844449785021]}