{"loss": [0.9750075730330804, 0.5636897827772533, 0.4090001852635075, 0.36743887645356793, 0.370467386482393, 0.4284561403533992, 0.4538034481160781, 0.3658241327194607, 0.3617364792701076, 0.3123514932744643, 0.30844955770846677, 0.28307996252003836, 0.2789436685030951, 0.2529027385308462, 0.24116590005509994, 0.22660529219052372, 0.21352986514787464, 0.2097191570107551, 0.19003643380368457, 0.2098413953448043, 0.1860169407856815, 0.16838375139324105, 0.1602344570462318, 0.1535773826763034, 0.15058547685689785], "mse": [1.2276665156378466, 1.0528733563773773, 0.9838186822393361, 0.7863723732092801, 0.6722787296509042, 0.7193268572582918, 1.040150025530773, 0.7253377374042483, 0.5906940424705253, 0.5805266214644208, 0.5696764844743645, 0.5507513324127478, 0.5075579101548475, 0.49712279811501503, 0.45548632806714845, 0.42013907651690874, 0.423092073377441, 0.4605016606476377, 0.39203012800391984, 0.39136994476704035, 0.3716565330019769, 0.3581513911485672, 0.3470472849028952, 0.3366827502408448, 0.32724947756265893], "mae": [0.7589924155789263, 0.5738537287449136, 0.5190719622461235, 0.48811599721803384, 0.4757949208073756, 0.49705375358462334, 0.5285937891286963, 0.4754118614775293, 0.45765185334226666, 0.44260918896864443, 0.4402493887087878, 0.42791711276068406, 0.4241604305365506, 0.41441650907782945, 0.4060082089375047, 0.3974694511031403, 0.3947005403392455, 0.39548751580364566, 0.38427289991694336, 0.3902774343595785, 0.380163394352969, 0.3719353607910521, 0.3685636349460658, 0.3670052191352143, 0.36497737511115913], "val_loss": [0.6725118270045832, 0.44437077563059957, 0.4408271344084489, 0.39867681813867467, 0.33302987876691315, 0.3977085171561492, 0.3367178267554233, 0.3345655210708317, 0.3168465612750304, 0.2986690519671691, 0.24697493761777878, 0.2740099026184333, 0.2403009737792768, 0.2483460856111426, 0.24605748645569148, 0.2047048148355986, 0.20678405855831347, 0.1868996310390924, 0.18391490100245728, 0.18465467875725344, 0.16169081255793571, 0.15257327317407257, 0.14733150503353068, 0.14390820696165688, 0.14322825423196742], "val_mse": [0.9599936902523041, 0.8838980260648226, 0.6784781390114835, 0.7137355443678404, 0.6213554371344415, 0.6542706230753347, 1.138914572565179, 0.7451325843208715, 0.5869694297250948, 1.1596004696268785, 0.523439956338782, 0.47116218899425705, 0.4471427829642045, 0.5863966706552004, 0.49455967623936503, 0.3917993746305767, 0.4537911964090247, 0.3892673677519748, 0.3992449468687961, 0.4234160522097035, 0.365686560147687, 0.38277878808347804, 0.3496432786709384, 0.32423972495292364, 0.3094469332381299], "val_mae": [0.6184637938675127, 0.5145353572933298, 0.4594586664124539, 0.5029677858478144, 0.46167908844194916, 0.4759421913247359, 0.5247972513500013, 0.48320849475107697, 0.4534484736229244, 0.5150338042723505, 0.4207048392609546, 0.40850064158439636, 0.4041124496020769, 0.4322682924960789, 0.4240717283989254, 0.3825828189912595, 0.4071998306010899, 0.38378549327975825, 0.3926098534935399, 0.39607276649851547, 0.37554494958174856, 0.3706226270449789, 0.36776022299339894, 0.3616589825404318, 0.35950656156790883]}