{"loss": [1.3261687565933575, 0.8845036002722654, 0.6640976965427399, 0.6230330521410162, 0.6245620761598859, 0.6236320397296509, 0.6205100289412907, 0.6183780447229162, 0.5998009629063792, 0.5930228264300854, 0.5766137435838774, 0.5683728508748017, 0.5626179008901894, 0.5638013544020715, 0.5474990455361156, 0.5389393471278153, 0.5271952111612667, 0.5190969246935535, 0.5129915549383535, 0.5014170210856896, 0.502701904673081, 0.4892488042642544, 0.47979738650383885, 0.477916015239505, 0.4742338622545267], "mse": [1.8938496546311812, 1.003557230745043, 0.9371122117940481, 0.8002121212420525, 0.7232016030844156, 0.7667814204832176, 0.7668475857028714, 0.7399949984891074, 0.7178049122358298, 0.6847436975736123, 0.6493332269903901, 0.7096819026129586, 0.6429413020997853, 0.6395628216204705, 0.6217915392541266, 0.59710127037841, 0.5781179527183632, 0.5540384727639037, 0.5609579945539499, 0.5265650302171707, 0.5340653721775327, 0.5207811301791823, 0.5179145173593, 0.49409886749533866, 0.5120688336236137], "mae": [1.0225078471295246, 0.6960167381670568, 0.606288045257717, 0.5771120581534002, 0.5660254852725314, 0.5695597871944502, 0.5676989121870561, 0.5620974221012809, 0.5530880558026301, 0.5456928121192115, 0.5361859632002843, 0.5334223713967707, 0.5313021631596925, 0.5295179041175099, 0.5203379398429548, 0.5150261832909151, 0.5093515546290905, 0.5040502552088205, 0.5010580190203406, 0.49571238380747956, 0.496876019162017, 0.4897645084888904, 0.4838388355134369, 0.4813366747134692, 0.48330223986080717], "val_loss": [0.9900037911203172, 0.6561571988794539, 0.6076154990328683, 0.5742762684822083, 0.5768269581927193, 0.6391278952360153, 0.5802538924747043, 0.5621034345693059, 0.5553337749507692, 0.5787353730863996, 0.578692172964414, 0.5383544506298171, 0.559447392821312, 0.5367745061715444, 0.5311090532276366, 0.5182001458273994, 0.514568862815698, 0.5090202333198653, 0.48476220584577984, 0.5096982303592894, 0.48937369800276226, 0.4896189860171742, 0.482424784037802, 0.4806908931997087, 0.48163892908228767], "val_mse": [1.2539860142601862, 0.8397782742977142, 0.6924475812249713, 0.6749213685592016, 0.7461388574706184, 0.7039453519715203, 0.7407977481683096, 0.759997609588835, 0.5693566799163818, 0.646820647848977, 0.6489799271027247, 0.6730569609337382, 0.6600342012113996, 0.6216327051321665, 0.9037106169594659, 0.5692007740338644, 0.6186611884170108, 0.5132933706045151, 0.5448365691635344, 0.5099975433614519, 0.5251376562648349, 0.4924583178427484, 0.4726683116621441, 0.475959171851476, 0.5028597265481949], "val_mae": [0.7978466782304976, 0.5944509340657128, 0.5430175728268094, 0.5481161889102724, 0.5515775912337832, 0.5622368156909943, 0.5450938045978546, 0.5346542381578021, 0.5131135698821809, 0.5222262491782507, 0.5286254833141962, 0.5306636740763983, 0.5392920672893524, 0.5183279299073749, 0.5207428716950946, 0.49813101523452336, 0.5067316575182809, 0.4951518409781986, 0.49161311487356824, 0.4908094224002626, 0.4768483638763428, 0.47423887252807617, 0.47566133075290257, 0.4756105773978763, 0.48039163814650643]}