{"loss": [1.0933366100509445, 0.7401929795742035, 0.634066795760935, 0.6156386655646485, 0.6181633069917754, 0.6329119513174156, 0.6101263560257949, 1.2689874079320338, 35.17297644739027, 2.427338923726763, 2.3960661532042864, 2.366329346384321, 2.3402922215399804, 2.551039014543806, 2.306631716814908, 2.28496494850555, 2.2666713556686005, 2.250538976161511, 2.2375313895089284, 2.2277594758318617], "mse": [1.4315357115361598, 1.0157037679251137, 0.8931096579347338, 0.7820842037727307, 0.7618911469524557, 0.8024139771987866, 0.7174375482967922, 2.7322829207042596, 6176167.96861176, 17777.178192788906, 11303.973001021843, 16932.013344956682, 15218.539272011101, 7615.602403609783, 8326.86075331948, 5960.556159304334, 3732.8111011022097, 3867.7532637769527, 4036.790571720569, 4713.700393057488], "mae": [0.8452695693288531, 0.6421024261356948, 0.589764824548325, 0.5696661476190988, 0.5638628352385062, 0.5730418419683134, 0.5574409537888193, 1.1243705168946998, 705.7486914508529, 6.58025975506027, 5.39836454701114, 5.803458741733006, 5.274569262157787, 4.608512565687105, 4.728921088305387, 4.2996304375784735, 4.066294882204626, 3.888456412724086, 3.908804837759439, 3.919826691800898], "val_loss": [0.83573703136709, 0.5959600922134187, 0.6244419167439142, 0.6022657934162352, 0.5883853278226323, 0.5784064688616328, 0.6338705685403612, 1.207242449124654, 2.4449220101038613, 2.403623037868076, 2.3747143348058066, 2.347105715009901, 2.3227864503860474, 2.313253985510932, 2.2909510930379233, 2.271126283539666, 2.2540669308768377, 2.23968685997857, 2.227977010938856, 2.218867778778076], "val_mse": [1.0171723630693223, 0.8921744840012656, 0.8687330136696497, 0.7188587486743927, 0.7418858806292216, 0.7115082012282478, 0.7842288994126849, 2.1307424108187356, 3538.1160275141397, 73.69295930862427, 14.890913963317871, 24.17633729510837, 13.893499268425835, 16.212542480892605, 14.039835188123915, 13.145061916775173, 13.876714017656115, 12.663786252339682, 13.099972460005018, 12.170671939849854], "val_mae": [0.6600002414650388, 0.5794262852933671, 0.6004615988996294, 0.5673838257789612, 0.5574974997176064, 0.564417098959287, 0.5952731635835435, 1.010136170519723, 5.1652754412757025, 3.249429941177368, 3.1376705169677734, 3.1040585305955677, 3.0170607566833496, 3.0344335238138833, 2.9622006283866034, 2.911279466417101, 2.8936216831207275, 2.861297845840454, 2.8603038920296564, 2.803513182534112]}