{"loss": [1.1076986430322422, 0.5528942817712531, 0.39395460552152467, 0.3870287265847711, 0.3742626305012142, 0.519539267043857, 0.6593920868985793, 0.5166039622443563, 0.43491586034788804, 0.4114210955141222, 0.3525231165044448, 0.3230401404640254, 0.30045743845403194, 0.2825597669271862, 0.38436212182483254, 0.7209444902837276, 0.44563715357114286, 0.3905321971020278, 0.3530018316472278, 0.3361443121205358, 0.31280038834494706, 0.3071870408294832, 0.30449871236787124, 0.29499452922712355, 0.29007765146739345], "mse": [1.446208834209863, 1.0108639589127373, 0.9237873416174861, 0.7782415852827185, 0.6558125176850487, 1.5180478630697025, 1.279535716289983, 0.951486161307377, 0.7301306858220521, 0.6549026361283135, 0.6780110702795141, 0.5498642792158267, 0.5102711940074668, 0.49116702027180614, 49.83209004538024, 260.52218948392306, 1.0627977337469072, 0.8044773708371555, 0.6068880654433194, 0.5609740360694773, 0.4979045224540374, 0.49520939435152445, 0.46470318362116814, 0.4667101204395294, 0.48459378060172587], "mae": [0.8589858666938894, 0.5693827115875834, 0.5107685108395184, 0.4931271950549939, 0.4736369274118367, 0.5749916673144874, 0.6313508483855164, 0.5422361620208797, 0.4924061155932791, 0.4860016493236317, 0.46344128798912554, 0.44333356640794697, 0.43199991894995465, 0.4245259687304497, 0.8951164275846061, 1.7191053249818438, 0.5116758342174923, 0.47453779245124145, 0.45042067415574016, 0.44120627334889245, 0.4279761774575009, 0.4254918124745874, 0.42172881675993695, 0.4196952296530499, 0.4181542339570382], "val_loss": [0.7546892652386114, 0.4248278415516803, 0.3675911826522727, 0.3347268677071521, 0.34561424820046677, 0.8194452210476524, 0.43361709227687434, 0.3622052645996997, 0.3583874459329404, 0.32068847119808197, 0.29952001728509603, 0.3122761390711132, 0.2684132190127122, 0.2668950671428128, 1.4606827434740568, 0.5044703036546707, 0.37728940107320486, 0.3546682407981471, 0.30616291651600286, 0.2876660023864947, 0.2770968863838597, 0.2705975221960168, 0.2706634861073996, 0.2636224552989006, 0.26265678044996765], "val_mse": [0.8660707316900554, 0.8913413662659494, 0.7126579049386477, 0.6408659807945553, 0.8700684685456125, 1.2523282546746104, 0.8943502840242887, 0.5428289794608167, 0.6309164048809754, 0.6177381026117426, 0.5216368060362967, 0.5516245521997151, 0.4672073267008129, 0.5236028746554726, 1769.1579605905633, 0.8249678470586476, 0.9235810935497284, 0.609565595262929, 0.5017934912129453, 0.5054112908087278, 0.4736398780032208, 0.4680416184036355, 0.4437472200707385, 0.4557865411043167, 0.44640875882224035], "val_mae": [0.6170534601337031, 0.5112675702885577, 0.4740537703037262, 0.4771005040720889, 0.5038949815850509, 0.6645686375467401, 0.5135342980685987, 0.440802538865491, 0.46113721634212296, 0.4607110533275102, 0.4301325255318692, 0.45209384905664546, 0.40644574714334386, 0.43252798209064885, 7.893778474707353, 0.518996514772114, 0.4851164974664387, 0.4707890450954437, 0.4270373629896264, 0.42566512917217453, 0.4221289597059551, 0.4160307457572536, 0.41688439171565206, 0.4127103004016374, 0.4119471311569214]}