{"loss": [1.0218000784516335, 0.6922804239918204, 0.4441760861698319, 0.3956032561905244, 0.3893509559771594, 0.3785829230704728, 0.35122871848151965, 0.35031222825979486, 0.31497233930756063, 0.32706455020781827, 0.2808868535520399, 0.2701981018352158, 0.26419061849660735, 0.25025282811154337, 0.2447651496485752, 0.22862523739390514, 0.2213840641300468, 0.2151075128246756, 0.19552932482431917, 0.18848432041704655, 0.23051443345406475, 0.26487459176603484, 0.2113720069036764, 0.19969705262166612, 0.1941966755206094], "mse": [1.3359201239312397, 1.2151205053224283, 1.1395365999025457, 0.8239039752413245, 0.7604942738133318, 0.7054885603925761, 0.6306632222498164, 0.6406324617564678, 0.5700043402612209, 0.5984030462363187, 0.5132528333102956, 0.5350527531083893, 0.476963829687413, 0.448499218944241, 0.43352675810456276, 0.42630646158667174, 0.40379546516958403, 0.40074503794312477, 0.37151237730594244, 0.3616240660057348, 0.6181429720976773, 0.988569865551065, 0.5085506818312056, 0.43952841903356943, 0.43532242888913436], "mae": [0.7973907085902551, 0.6392181215479094, 0.5457365032942856, 0.5019744505338809, 0.4920528055552174, 0.4802771791377488, 0.45779437703244824, 0.4594636710689348, 0.44070849721046057, 0.4491406731745776, 0.4240076907855623, 0.42410394965725784, 0.41314039423185234, 0.406243505065932, 0.4036345150979126, 0.3973746630637085, 0.39308594758896265, 0.3917817896341576, 0.38193376121275563, 0.37905266508460045, 0.4136788494446698, 0.4626313377829159, 0.40496644421535377, 0.39263614924514995, 0.39050332654048414], "val_loss": [0.6755279208484449, 0.44527661094540044, 0.37273892760276794, 0.36247992829272624, 0.33170689093439204, 0.29865981912926626, 0.34220026825603683, 0.2986582992108245, 0.4587559174550207, 0.27905966968912826, 0.3393735744451222, 0.24218029842564934, 0.23672493115851753, 0.2355880278505777, 0.21025925129652023, 0.20735880967817807, 0.20005020303161522, 0.19238878394428052, 0.1830176942442593, 0.18338293444953466, 0.32467133120486613, 0.21277003186313728, 0.19070503350935483, 0.18376596311205312, 0.18263642117381096], "val_mse": [0.9347301329437055, 1.1845094185126455, 0.8559181705901497, 0.6014250375722584, 0.535143422453027, 0.6233525425195694, 1.0394270780839419, 0.5686706045740529, 0.6304657584742496, 0.5795910664294895, 0.5067646432864038, 0.4032581268172515, 0.5271270816263399, 0.47743125024594757, 0.49887127468460485, 0.432516778770246, 0.4029488987044284, 0.40252682801924256, 0.38064665935541453, 0.38203851878643036, 1.575693539882961, 0.5639924485432474, 0.4363239783989756, 0.41862591630534124, 0.4489077345321053], "val_mae": [0.6038639106248554, 0.5617351226116482, 0.5072782039642334, 0.46751248522808675, 0.43772890536408676, 0.4540266425986039, 0.5061845230428796, 0.4451223415763755, 0.5051714103472861, 0.44100767530893026, 0.4268761779132642, 0.39446603702871424, 0.41739255111468465, 0.4067481034680417, 0.40950084987439606, 0.38736263074372945, 0.38208425594003576, 0.391217125089545, 0.3832777095468421, 0.3851958411304574, 0.5412307726709467, 0.4169104554151234, 0.3922870025822991, 0.38770881216777, 0.3880974971934369]}