{"loss": [1.0554253660239183, 0.7604868791320107, 0.6470407603623031, 0.6258404843218914, 0.6365326046943665, 0.8912126762526376, 0.6743612049461959, 0.6295830862862724, 0.7319031288097431, 0.8008687271700277, 0.6552582576677397, 0.6326117275597213, 0.6044983345192748, 0.5875974475563347, 0.6036927518132446, 0.5748957697447244, 0.5627308822684474, 0.5489565523026826, 0.543946343582946, 0.5294891855159363, 0.5241889938131555, 0.5126039637373639, 0.5066684652845581, 0.5043683348150997, 0.501030296087265], "mse": [1.2649835166218992, 1.0321870194627094, 0.9470319039635844, 0.8058267615058206, 1.0599117967989538, 1.416027852080085, 0.8704431014401572, 0.7579672340448801, 0.9682513134820121, 1.0038545429706573, 0.7921427546383498, 0.8082434761446792, 0.7060097473395335, 0.6503476154107553, 1.6712817932878221, 0.7691636130020216, 0.7486535906791687, 0.6960239232360542, 0.8029558854056643, 0.6663320648979831, 0.6927587084181897, 0.5723436023894842, 0.569637208789974, 0.6073823362201839, 0.585708884062705], "mae": [0.7993795016369263, 0.650192332732213, 0.6017555625407727, 0.5780708127981656, 0.5909398999307063, 0.7319248221911393, 0.5961282586122488, 0.5698686574960684, 0.6360316185595153, 0.666231522312412, 0.5779699228413693, 0.5661615884149229, 0.5502648103933829, 0.5401530825085454, 0.5601373591593334, 0.5351147527818556, 0.5293026520060254, 0.5185788165439259, 0.5201461847339358, 0.5114946226020912, 0.5054467939711237, 0.49944600230687625, 0.4966066079093264, 0.495181979490565, 0.4935657318149294], "val_loss": [0.8296430110931396, 0.639289195338885, 0.5625616527265973, 0.5557720909516016, 0.8191786275969611, 0.6483838177389569, 0.6167279829581579, 0.5518385983175702, 1.0505587822861142, 0.5920373979541991, 0.6031549423933029, 0.5709051357375251, 0.5549010005262163, 0.5725407054026922, 0.5541022469600042, 0.5325766834947798, 0.5335235281123055, 0.5197102932466401, 0.5119817977150282, 0.5117726657125685, 0.5002556873692406, 0.49219024926424026, 0.4908222407102585, 0.4890819812814395, 0.48838669806718826], "val_mse": [0.9742591049936082, 1.063654836681154, 0.7699907471736273, 0.9637320869498782, 3.3010937107933893, 0.9511993726094564, 0.7498395277394189, 0.63004003961881, 1.3578271567821503, 0.727934310833613, 0.8163550479544534, 0.688874825835228, 0.64491682085726, 0.6847594165139728, 0.90501902004083, 1.9307066698869069, 0.8524517251385583, 0.5348050660557218, 1.1504211756918166, 0.6931173950433731, 0.5240869240628349, 0.531583794289165, 0.5558408631218804, 0.646042040652699, 0.512486822075314], "val_mae": [0.6698911984761556, 0.617847912841373, 0.5485335141420364, 0.5745322124825584, 0.8317055404186249, 0.5949614147345225, 0.5632104426622391, 0.5302449895275964, 0.8376550376415253, 0.5422269668844011, 0.5611538224750094, 0.5400737308793597, 0.5307605051332049, 0.5536648515197966, 0.5291651123099856, 0.5316048711538315, 0.5338255167007446, 0.5062699682182736, 0.5230241434441673, 0.5149286670817269, 0.48798126810126835, 0.4969323045677609, 0.48457446694374084, 0.49538441830211216, 0.4848012841410107]}