{"loss": [1.3674832363339031, 0.8130407096708522, 0.47890693606699214, 0.3952391574926236, 0.3834753621588735, 0.3866654549013166, 0.38776611887356816, 0.3844515089603031, 0.3354589174337247, 0.3321247282711899, 0.3024838208494818, 0.2950380871839383, 0.28827451520106373, 0.26949594640994773, 0.24624326288261833, 0.2423573825508356, 0.2897898589863497, 0.230609569041168, 0.21365212397102049, 0.19740359057836673, 0.18363397919079838, 0.17275108610663345, 0.16358820524285822, 0.15954280562479706, 0.15589792023905935], "mse": [1.7119057397632038, 0.9669574521043721, 0.8502307836623753, 0.8289596236803952, 0.6515584870734635, 0.6272037737071514, 0.6370485944344717, 0.7196492774083334, 0.5798820945269921, 0.5465334610027426, 0.548635785413139, 0.47048403848620024, 0.5146480765851105, 0.5340656962464837, 0.4482734593398431, 0.43988152812508974, 0.5043175448389614, 0.4167233986013076, 0.41366790651398544, 0.4007558971643448, 0.36998815440079746, 0.3517608015852816, 0.3355822807506603, 0.3198521079166847, 0.3336946742937845], "mae": [0.967679850757122, 0.6648879774353084, 0.5259412888656644, 0.5014969226630295, 0.478582901551443, 0.4752807522959569, 0.4730478656642577, 0.4780063190880944, 0.4479389519375913, 0.44385946081841693, 0.4349138020154308, 0.4240136284600286, 0.4238758481600705, 0.42107415418414507, 0.4054216170573936, 0.4044969778727083, 0.4271702772992499, 0.3971524595776025, 0.3910263310022214, 0.38761793909703984, 0.37991538030259747, 0.3738783733809696, 0.36917869812425447, 0.36534176854526296, 0.3675920301500489], "val_loss": [1.0366569428067458, 0.6130232403152868, 0.3994628167466113, 0.3500763358254182, 0.376655679784323, 0.3546271747664401, 0.34444317692204524, 0.347753254206557, 0.2952532634923333, 0.2908792162412091, 0.2642534857517795, 0.278181659940042, 0.24960180254358993, 0.2442715458179775, 0.22381517722418434, 0.2170698568224907, 0.23051830420368596, 0.20425558403918617, 0.20176436085450022, 0.17322730233794764, 0.16442770157989703, 0.15610716707612338, 0.15032691214429705, 0.14840777375196157, 0.1473757157984533], "val_mse": [1.2226933240890503, 0.7068665780519184, 1.0040093817208942, 0.5851409082349978, 0.6627763666604695, 0.708043562738519, 0.6106617348758798, 0.6709400729129189, 0.5177203032531237, 0.5366543774542055, 0.5409904804668928, 0.7849828726366946, 0.552309986007841, 0.6023147788486982, 0.40002516147337464, 0.4007745691035923, 0.41373833151240097, 0.37471084061421844, 0.40433867432569204, 0.33978503628780965, 0.35112776881770086, 0.3214585255635412, 0.3182936138228366, 0.3306213029121098, 0.31971636140032816], "val_mae": [0.8052034629018683, 0.544382802749935, 0.5402585566043854, 0.45954901372131546, 0.4865088611841202, 0.4813405149861386, 0.4568933170092733, 0.4777548344511735, 0.42962895490621267, 0.4262162611672753, 0.4190610482504493, 0.4693116216283095, 0.42522756520070526, 0.4316492088531193, 0.386392562797195, 0.3984650428357877, 0.40168976077907964, 0.3875296609966378, 0.39192263389888565, 0.3788655643400393, 0.3715554616953197, 0.3678682909200066, 0.3644273445794457, 0.363370858524975, 0.3640997998024288]}