{"loss": [1.0496754266998984, 0.750286555522448, 0.6570627809344948, 0.6302740628069098, 0.622531546400739, 0.6500496806262376, 0.620666537966047, 0.6591885159542035, 0.6386105998769983, 0.604247328329396, 0.5996970036974201, 0.7422513156742244, 1.3889498052658973, 1.196682352524299, 1.206570322637434, 1.2045974081212825, 1.192277973348444, 1.1583236842960507, 1.1103265320325826, 1.3899609551027223, 1.3272836889539446, 1.2868067893114956, 1.2741631811315364, 1.267476962758349, 1.2657558972185308], "mse": [1.3122236713186486, 1.0201758924242739, 0.9537779437257098, 0.8096587572778974, 0.7489801769132738, 0.8083595006496875, 0.7578581012301631, 0.8131570968922083, 0.8115959763526917, 0.6936257789274315, 0.6769480353051965, 0.7395970140184674, 2.630916890385863, 1.8845570722183624, 1.9413551657230823, 1.7850916850102412, 2.4610355008732188, 1.6629983542801499, 1.4404675472866406, 89.93718288393764, 44.548490350896664, 9.824219988538074, 10.238281536411929, 9.985820121579357, 9.775492474630282], "mae": [0.8049506947591707, 0.6449217815677841, 0.6057549664726505, 0.577733683508712, 0.5681872727809014, 0.5826710718018668, 0.5672323245119739, 0.5879344553142399, 0.5774463333866813, 0.5520879815925251, 0.5480621579018506, 0.568839217741768, 1.206719667493523, 0.9590197913832479, 0.9606104477659448, 0.9521323570183345, 0.9755245021411351, 0.9126426434362089, 0.8611407759901765, 1.898702760408451, 1.571316429546901, 1.2458207266671317, 1.2586724943928904, 1.2426896474578164, 1.2374243906566076], "val_loss": [0.8133993695179621, 0.6288490518927574, 0.575152108238803, 0.5695221606228087, 0.6128122078047858, 0.5667607792549663, 0.5871364747484525, 0.5934016058842341, 0.5761560979816649, 0.5808466540442573, 0.5601135732399093, 1.468476586871677, 1.1781975362035964, 1.1321458717187245, 1.1871331698364682, 1.1771956483523052, 1.1431288851632013, 1.1049987077713013, 1.0769215921560924, 1.3867466184828017, 1.2799215780364142, 1.2682586643430922, 1.2542756067381964, 1.246423105398814, 1.2457551889949374], "val_mse": [1.0585697657532163, 0.8069362805949317, 0.8212436967425876, 0.8470006502336926, 0.719767936401897, 0.8591271407074399, 0.7964117427666982, 0.6718071401119232, 0.6659125288327535, 0.7976266609297858, 0.5991960846715503, 2.955397619141473, 2.066968712541792, 1.7009401122728984, 1.6388991806242201, 1.5896425942579906, 1.5884257290098402, 1.5338804324467976, 1.5049877365430195, 163.99668078952365, 10.555904659960005, 10.149454673131308, 7.205687191751268, 8.437886304325527, 6.735753648810917], "val_mae": [0.6931239697668288, 0.5505660855107837, 0.569404348731041, 0.5474070062239965, 0.5637936062282987, 0.5623067087597318, 0.5624939931763543, 0.543819452325503, 0.539766154355473, 0.5692125740978453, 0.5168664985232883, 1.3019685414102342, 0.9832915431923337, 0.9146296117040846, 0.9340924488173591, 0.9216604265901778, 0.9152452150980631, 0.876035041279263, 0.8629357053173913, 2.56892818874783, 1.2844112747245364, 1.2412498825126224, 1.1965451174312167, 1.1961422099007502, 1.1805328230063121]}