{"loss": [1.0083278395673807, 0.5769385158577386, 0.4195420963360983, 0.37361681527074647, 0.3906455158310778, 0.36122940787497687, 0.6892726112376241, 1.4081212019219118, 1.1764165373409496, 1.322406795094995, 1.641003216014189, 1.6094224593218636, 1.4189305103877012, 1.4191090823972927, 1.4190736071151846, 1.4190361526082544, 1.419009665355963, 1.4189933065105886, 1.4190032578566496], "mse": [1.2886941222583546, 0.9469434654011446, 1.0023338759646696, 0.8013814565013436, 0.7159510592327398, 0.6719146007124115, 1.1128330307410044, 2.998262832269949, 2.050418099936317, 2.274035459932159, 4.05980799566297, 3.890615768292371, 2.010650623370619, 1.9927974825396257, 2.0122319240780437, 1.995056828155237, 2.01284116944846, 2.0036257969982483, 2.0109837256810246], "mae": [0.7781875177341349, 0.5726567175896728, 0.5237895868280354, 0.4931724731098203, 0.48242347797050195, 0.4684876453350572, 0.6288938344839741, 1.207469411632594, 0.9686816277749398, 1.0372997925562017, 1.3187856437528835, 1.5202624157947653, 1.082318654831718, 1.0755363014691017, 1.0807092277442707, 1.0764241455232395, 1.0771448927767135, 1.0783635202576132, 1.0809423879665487], "val_loss": [0.7180316730549461, 0.4309353412766206, 0.365188026114514, 0.450945960847955, 0.3242733502074292, 0.6267059382639433, 1.0188592170414172, 1.1995801392354464, 1.1318494552060177, 1.8686154955311824, 1.425271683617642, 1.411802822037747, 1.4098565829427618, 1.4097052781205428, 1.4097224568065845, 1.4096382605402094, 1.4096128752357082, 1.409637046487708, 1.409682324058131], "val_mse": [0.9323845944906536, 1.0458137314570577, 0.7111505771938124, 0.5158936797003997, 0.6405061271629835, 1.5151350278603404, 2.227409823944694, 1.771389901638031, 1.7983441384215104, 6.346848763917622, 2.2747797401327836, 2.0645050375085128, 1.9924752618137158, 1.9749806993886043, 1.9879822166342485, 1.9932437790067572, 1.9955039620399475, 1.973366546003442, 1.9709018500227677], "val_mae": [0.6129857113486842, 0.5253986880967492, 0.47675912160622447, 0.45682814089875473, 0.46303345890421616, 0.6409609600117332, 0.9352931490069941, 0.9570557255493967, 0.9285849113213388, 2.003621979763633, 1.1629522662413747, 1.097415434686761, 1.065429781612597, 1.0733375549316406, 1.0737148868410211, 1.0801856894242137, 1.0740382514501874, 1.0736199774240192, 1.0713332577755577]}