{"loss": [1.0895147679688095, 0.7567409358241342, 0.6575515227658408, 0.6219354825360435, 0.6213349007166825, 0.6526161579342632, 0.6174339528207655, 0.6237755673272269, 0.6017049988368889, 0.6088540167003483, 0.5894320371089043, 1.317824955110426, 2.7724500646838894, 2.4013064944898925, 2.5908142545006494, 2.4746710449070126, 2.3595504327253862, 2.237073196993246, 2.1113249512461874, 1.9899507373958438, 1.8835871676345923, 1.801861790867595, 1.7490984271099042, 1.722676388629071], "mse": [1.3699481781426963, 1.002619038928639, 0.9850388088009574, 0.7797490066135084, 0.7300582446835258, 0.8250609620825037, 0.7402072548866272, 0.7539096014066176, 0.7046610016327399, 0.8399328684264963, 0.6826731134931763, 67.555265123968, 19.54170812260021, 19.177392123581527, 19.200665628755246, 21.443287292084136, 17.070704144316835, 13.480141800719423, 10.546457823220786, 8.278181032700973, 6.645769397933762, 5.619769557729944, 5.031346844388293, 4.775272988653803], "mae": [0.8350016126384983, 0.6458919926897272, 0.6083195867476525, 0.5737751886829153, 0.5631425949660215, 0.5861510649904028, 0.5620790081364768, 0.565796622014665, 0.5503393082649677, 0.5595184045952636, 0.5463287110452528, 1.8093555790263336, 3.464209601476595, 3.4983725377491544, 3.4761890652891876, 3.713720820166848, 3.305343383318418, 2.9350135605056566, 2.5920348662834662, 2.293614780748045, 2.0513104448070774, 1.8868238577595005, 1.7839071735159142, 1.7363022047203858], "val_loss": [0.8372689038515091, 0.6196110985345311, 0.5723516311910417, 0.5926166375478109, 0.5697850551870134, 0.6333843246102333, 0.6476620386044184, 0.5757703317536248, 0.5702815287643008, 0.5659497835569911, 0.5452954032354884, 2.205199029710558, 2.4987115727530584, 2.303530838754442, 2.5295264191097684, 2.418444686465793, 2.2988751199510364, 2.1732892327838473, 2.0474999811914234, 1.931046916378869, 1.8348295291264851, 1.7667519847551982, 1.7276049256324768, 1.7118939095073276], "val_mse": [0.9143690516551336, 1.0573175715075598, 0.8638593355814616, 0.8073315289285448, 0.7412551674577925, 0.9519351985719469, 0.8508497774600983, 1.0147090289327834, 0.586750383178393, 0.6172517720195982, 0.645773419075542, 11.833814091152615, 23.21190897623698, 15.757336775461832, 23.665121502346462, 18.970775816175674, 15.140582190619575, 11.836124579111734, 9.238668441772461, 7.2530891630384655, 5.968841579225328, 5.199114190207587, 4.805819537904528, 4.617212600178188], "val_mae": [0.6455002741681205, 0.6253464983569251, 0.58165153198772, 0.577251985669136, 0.5570660134156545, 0.589769744210773, 0.5800468011034859, 0.6023858040571213, 0.5103623254431618, 0.522285564078225, 0.5257423950566186, 2.7676785786946616, 3.846548663245307, 3.1763564480675592, 3.9044089449776544, 3.4893491533067493, 3.123000635041131, 2.750293903880649, 2.430056479242113, 2.1537778046396046, 1.944919678899977, 1.8143961164686415, 1.7402349048190646, 1.7055987185902066]}