{"loss": [1.0896460216540795, 0.7866561405070416, 0.64557831627982, 0.6141535477204756, 0.6255345201337492, 0.6307131253279649, 0.6511144657413681, 0.6102509572134389, 0.6219639174349896, 0.6180165173945489, 0.5801808431551054, 0.5695988444925902, 0.5641139308353523, 0.5597141048350891, 0.5531596096305104, 0.5390770021197083, 0.5263207748338774, 0.5203955661166798, 0.5494696757236084, 0.5298126889513685, 0.5079661350358616, 0.4982211814298258, 0.4923760939341087, 0.4873799023690162, 0.48387188454727076], "mse": [1.3300267326367365, 1.0086731074692368, 0.8999816558577798, 0.7250258889678237, 0.7368258446842045, 0.7501713405181836, 0.8295907304658519, 0.710684045181646, 1.20896572300366, 0.821806602663808, 0.6599565723112651, 0.6215479956431822, 0.6386847836630685, 0.5981284358671733, 0.5953034338625994, 0.580495520458593, 0.5634720907969908, 0.5563664480850294, 0.7115686740968135, 0.57877382113562, 0.545489567247304, 0.5249959805182048, 0.5154524623573601, 0.509018245261985, 0.5173124301356155], "mae": [0.8259273423002912, 0.6590427009316234, 0.5941907140341672, 0.5620703368217914, 0.5679926767751768, 0.5711580996776556, 0.5865680319922311, 0.5559009400668082, 0.5854449755959696, 0.5710323911595654, 0.5404868973540021, 0.530871967603634, 0.5303046349194143, 0.524781465723917, 0.5205588704579837, 0.5158527470254278, 0.5084849379279397, 0.50451138712369, 0.5306672200367049, 0.5114591334547315, 0.4974545894505142, 0.49267116459933197, 0.4901764059995676, 0.48783895566866, 0.4865136496819459], "val_loss": [0.8608922262986501, 0.6543429030312432, 0.5833890247676108, 0.5552564106053777, 0.5699581950902939, 0.6296451249056392, 0.5786291890674167, 0.5348124942845769, 0.6258906424045563, 0.5714962838424577, 0.5569925175772773, 0.537842247221205, 0.5382909443643358, 0.5284060264627138, 0.5234553962945938, 0.5317163682646222, 0.5083964160746999, 0.5014756355020735, 0.5179252988762326, 0.5131113645103242, 0.4965549682577451, 0.4908118165201611, 0.4895235018597709, 0.4860105613867442, 0.4853470019168324], "val_mse": [0.9840309421221415, 0.930592632955975, 0.6483964920043945, 0.719662305381563, 0.6976982172992494, 0.8934803505738577, 0.6462816645701727, 0.6231581502490573, 0.7744355466630723, 0.660375542110867, 0.7676946272452673, 0.6261731220616235, 0.5879620247417026, 0.6550064053800371, 0.564212774236997, 0.5178273022174835, 0.596835540400611, 0.5274869501590729, 0.6600318021244473, 0.5431678940852483, 0.6113506621784635, 0.5195466081301371, 0.6139518817265829, 0.5027630229791006, 0.5512289934688144], "val_mae": [0.6762469145986769, 0.6139055324925317, 0.5389695763587952, 0.5474478271272447, 0.5367042869329453, 0.5657477743095822, 0.5429110245572196, 0.5238876889149348, 0.558524457944764, 0.5231416291660733, 0.555195356408755, 0.5391704787810644, 0.5048485613531537, 0.5375439359082116, 0.49532127877076465, 0.4973803245358997, 0.5007210406992171, 0.48643967509269714, 0.5197851757208506, 0.5001506672965156, 0.499057756529914, 0.48978276385201347, 0.4960139923625522, 0.48289932641718125, 0.4812590595748689]}