{"loss": [1.224382006889814, 0.8305617388966796, 0.6564567054246927, 0.6386314793066545, 0.6320399386542184, 0.6376027313919811, 0.6315785708365502, 0.6323067375591823, 0.6099143728807375, 0.5932575828069216, 0.5866923494772478, 0.5749738092546339, 0.5678245026569861, 0.5575465056803319, 0.5463928278390463, 0.5397805263856789, 0.5311833004672806, 0.5238633821536969, 0.5125262652124677, 0.501724494548587, 0.4943372200835835, 0.48746059602731234, 0.48269683567734506, 0.4770169894803654, 0.4745731001550501], "mse": [1.663512693984168, 0.9863694023776364, 0.9184179890465427, 0.8229129689854461, 0.7684098532447567, 0.7710174608540226, 0.7645250284052515, 0.7685603216871039, 0.7213582195244826, 0.6654340142940546, 0.6886036517945203, 0.6564565852477953, 0.6217746099868378, 0.6312121050311373, 0.6138738159622464, 0.569920750600951, 0.5751258924409941, 0.5565087624958583, 0.5278006637251222, 0.5378163946526391, 0.5242561949537946, 0.5058766936326956, 0.501593503859136, 0.4912206828594208, 0.4836581949289743], "mae": [0.9441584418346356, 0.6716887885099881, 0.6006032379416676, 0.5826437074642676, 0.57231619315488, 0.5741003415027222, 0.5724237209016626, 0.5703709392578571, 0.5567107041934868, 0.5443753855569022, 0.5436935393841236, 0.5352333687342606, 0.5297219731978008, 0.5275627326268655, 0.520705674182285, 0.5143203319280178, 0.510592707372331, 0.5071530665283079, 0.49744484157531293, 0.49589484330121575, 0.4916331607412982, 0.48770623857324774, 0.48575675023066534, 0.4809738889143064, 0.47999922795729205], "val_loss": [0.9266101486153073, 0.628650395406617, 0.5606319987111621, 0.5649695504042838, 0.6560738980770111, 0.5920699569914076, 0.5923988247911135, 0.5786088912023438, 0.5489225089550018, 0.5829994546042548, 0.5637952205207613, 0.5504873361852434, 0.5485036157899432, 0.551409943236245, 0.5289506713549296, 0.5270863812830713, 0.5127997828854455, 0.5227649824486839, 0.512095897561974, 0.5035961361394988, 0.5047124847769737, 0.501585904094908, 0.5041204260455238, 0.49629830817381543, 0.4961952360139953], "val_mse": [1.1187682747840881, 0.8836503591802385, 0.8385660019185808, 0.8376743379566405, 0.9463133282131619, 0.6178791754775577, 0.9671067297458649, 0.7042666243182288, 0.6527248670657476, 0.6141177929109998, 0.75392075545258, 0.5921559913290871, 0.6603918588823743, 0.6304801636272006, 0.5874520258771049, 0.6384150352742937, 0.6060922725333108, 0.5304696038365364, 0.546190372771687, 0.5549686070945528, 0.5093937598996692, 0.4809575312667423, 0.5090232441822687, 0.4887601012984912, 0.485013398859236], "val_mae": [0.7383309702078501, 0.593915989001592, 0.5528602103392283, 0.5822746670908399, 0.6237529433435864, 0.5228072752555212, 0.5843303733401828, 0.5494049506054984, 0.528721797797415, 0.5115301989846759, 0.5533054487572776, 0.524908055861791, 0.5151961810059018, 0.5195874704254998, 0.5224159078465568, 0.5158866378996108, 0.5083244989315668, 0.4888325548834271, 0.49716653923193616, 0.4889676421880722, 0.4897657169236077, 0.47967778974109226, 0.4734835492240058, 0.48022058109442395, 0.47498946057425606]}