{"loss": [0.9969314783811569, 0.5819536892368513, 0.4381469301879406, 0.3659997249350828, 0.39566246792674065, 0.48831864709363265, 0.6994728595018387, 0.4547978694386342, 0.3986277071868672, 0.33617093457895164, 0.32631478798301783, 0.320094296380001, 0.2785643438863404, 0.27078018118353453, 0.258375766194042, 0.24428601026096763, 0.2295039641287397, 0.21758638420963988, 0.20704457382945454, 0.19353580425548203, 0.1843722977072877, 0.17640899434028304, 0.16603947058320045, 0.15989218367373242, 0.15892948270501459], "mse": [1.2556937455254442, 0.9845520393813357, 1.1442385990830028, 0.7189644294626573, 0.7421821809428579, 0.8834329637534478, 1.0015337449662827, 0.7790426885818734, 0.6391881035969538, 0.5758380306994214, 0.5780821300166494, 0.577582560479641, 0.5573005108710598, 0.5333221903180375, 0.5027082069393467, 0.4929957396405585, 0.49671309682376247, 0.47634680547258434, 0.4237616925555117, 0.4221534094608882, 0.4044128822929719, 0.3808207181008423, 0.3771165889852187, 0.3715175743050435, 0.37041231222889004], "mae": [0.7706985425423173, 0.5781384741558748, 0.5430594616953064, 0.480430937207797, 0.4905861263327739, 0.5404776604298283, 0.6237142300781082, 0.5063149821670616, 0.4732515579637359, 0.44865120421437654, 0.4480143752606476, 0.44549768505727544, 0.4271712276865454, 0.4254284067188992, 0.41952181782792597, 0.41496307271368366, 0.4077317931634538, 0.402293151792358, 0.39385118488879767, 0.39073363406693234, 0.38696495377842116, 0.3810030351228574, 0.3774729476255529, 0.3761434605454697, 0.3742413628189003], "val_loss": [0.7180595272465756, 0.4210644654537502, 0.338842616269463, 0.3450338628731276, 0.35553697928002004, 1.1465925919382196, 0.48692778850856583, 0.41632040707688583, 0.3796480062760805, 0.30950194205108444, 0.2805494211221996, 0.2514797562831326, 0.24731336337955376, 0.23716748662685094, 0.23061354340691315, 0.22637399560526797, 0.21264328258602241, 0.19597135876354418, 0.19999163558608607, 0.17578774906302752, 0.16978064610769875, 0.16000542515202573, 0.1555673152600464, 0.1528726137782398, 0.1524903931115803], "val_mse": [0.8796201865924033, 1.0690118372440338, 0.6851197873291216, 0.6745523057485882, 0.631125912854546, 1.8815520907703198, 0.6374802212966116, 0.7269442536328968, 0.6450074417026419, 0.44081205600186396, 0.6415500938892365, 0.43646115143048136, 0.49156852929215683, 0.5110183224866265, 0.5397915518597552, 0.49145701762877014, 0.42908156467111486, 0.4634176751500682, 0.40123903045528814, 0.44728919863700867, 0.39536132310566147, 0.36559820567306717, 0.3665919264680461, 0.37548524455020305, 0.37335156374856043], "val_mae": [0.6039681466002214, 0.541714691802075, 0.47678668248025996, 0.4609314007194419, 0.4643414600899345, 0.9412463134840915, 0.4985093819467645, 0.49848896657165725, 0.4949660238466765, 0.411386658486567, 0.45505919032975245, 0.4091553139059167, 0.41136977782374934, 0.4180926060990283, 0.41585283059822886, 0.41574043270788696, 0.3882197188703637, 0.4021284117510444, 0.38553370064810705, 0.39704206429029765, 0.3852285805501436, 0.3773637139483502, 0.375396529310628, 0.3753386986883063, 0.372322689545782]}