{"loss": [1.1347626525086243, 0.7673484880428809, 0.6401654183864594, 0.6152114167615965, 0.6245037847525113, 0.6400315509988116, 0.653624300058786, 0.6676566209885981, 0.6043102001989042, 0.5959653233165865, 0.5738681123241202, 0.5668915159903564, 5.858929479664022, 1.8915996210915702, 1.7267705318215605, 1.6429787014986013, 1.5874913652221878, 1.5468322719846452, 1.5168448825935266], "mse": [1.4767288910104084, 1.0077339673971202, 0.9025091261832745, 0.762880917493399, 0.7343404699455608, 0.764937066993156, 0.7758677694704625, 0.8461050178323474, 0.6874696540755111, 0.6815823049514325, 0.6370503002559984, 0.6205958818847482, 3524465.7091478915, 3900.28253210365, 1657.7912917291962, 1622.6425642316992, 942.8060152391334, 423.5681296602472, 459.8885976014199], "mae": [0.8698575701806452, 0.6511736307051275, 0.5930093457172443, 0.5674721737960716, 0.5663508846388234, 0.5751405631179933, 0.5827807749246622, 0.5950381726800621, 0.5523939771311623, 0.5487971944468362, 0.535678994152453, 0.5306238849441727, 501.28526899102445, 2.8876084429877147, 2.2541202701531446, 2.048398668115789, 1.7549983054012448, 1.633892358123482, 1.5272789187245555], "val_loss": [0.8637366957134671, 0.6232408988806937, 0.5927925051914321, 0.5882125091221597, 0.6719752384556664, 0.5689145392841763, 0.6651857909229066, 0.5934253185987473, 0.5503237769007683, 0.6124393170078596, 0.537253651354048, 0.6607400675614675, 2.0320398211479187, 1.784494850370619, 1.6733716858757868, 1.60732102394104, 1.5599445833100214, 1.5234515799416437, 1.4968064890967474], "val_mse": [1.1692674027548895, 0.9583621505233977, 0.7625027265813615, 0.5704946335819032, 0.938180771138933, 0.6358303858174218, 1.0800250536865659, 0.7486309773392148, 0.6484952138529884, 0.5938598414262136, 0.6514433705144458, 0.7031487921873728, 14164.068271425036, 7821.658242675993, 2868.1208431720734, 731.4833307796055, 1140.0114494429695, 743.4504113329781, 774.8548612064785], "val_mae": [0.732215940952301, 0.6015647848447164, 0.5658337821563085, 0.49697474473052555, 0.6402107394403882, 0.5433456119563844, 0.6524634179141786, 0.5468335300683975, 0.5378538419802984, 0.510143381026056, 0.5243539065122604, 0.5599046366082298, 6.273748046822018, 4.197068850199382, 2.9751846724086337, 2.0375844637552896, 2.205375485950046, 1.9820096492767334, 1.8052706453535292]}