{"loss": [1.09138375652187, 0.6037420729065642, 0.4239680418635116, 0.364564978681943, 0.3918529731385848, 0.4431479422046858, 0.39609137528082905, 0.35183356943375926, 0.3501882716355955, 0.3226251598885831, 0.3573253849411712, 0.2939213640330469, 0.28419910020688, 0.26963283987168, 0.24994147590854587, 0.23302124780328834, 0.22817514803917968, 0.21331790736054673, 0.2046702655360979, 0.19148514595101862, 0.1782090429983595, 0.16681041398688273, 0.15924269037649913, 0.15538272546494708, 0.15278311681878917], "mse": [1.4369163885712624, 0.888360833420473, 0.9518379227203482, 0.7620783351800021, 0.6966619224232786, 0.7534806436913855, 0.6854479380828493, 0.603283882360248, 0.6367001542273689, 0.5761421991183477, 0.7244979561690021, 0.55809375775211, 0.53421642105369, 0.5130572555696263, 0.4912404961445752, 0.4701496640987256, 0.4585474749260089, 0.43583640346632285, 0.4256363244836821, 0.4012167962158428, 0.3830157180919367, 0.36710956473560896, 0.3635579003568958, 0.36530689325402765, 0.3552498752799104], "mae": [0.8385142692748238, 0.5723092034459114, 0.5232603549957275, 0.4859113235245733, 0.48540521851357293, 0.5061466571162728, 0.4834283923401552, 0.4593373243423069, 0.46247711032629013, 0.44518476834191995, 0.4710099907482372, 0.43553685309255824, 0.4286327300702824, 0.42314378763822946, 0.41410841792821884, 0.40748252851121564, 0.4054284299559453, 0.39894628524780273, 0.39398648063926134, 0.38513510148314867, 0.3814074706067057, 0.3760788431938957, 0.37402668945929585, 0.37257754758876915, 0.37115538646193114], "val_loss": [0.7707664448963968, 0.4310302114800403, 0.36752121072066457, 0.33858715076195567, 0.4785941156901811, 0.35357521552788584, 0.4409066007325524, 0.2998226586925356, 0.3199628960145147, 0.4456273576146678, 0.3106998452230504, 0.3033056176806751, 0.26906162578808634, 0.2479633543836443, 0.21631956178891032, 0.22597745021707133, 0.20069875372083565, 0.1875192868082147, 0.17970178335120804, 0.16847405817947889, 0.16236088777843274, 0.15789227089599558, 0.14806290755146428, 0.14501442681801946, 0.14435799596341034], "val_mse": [0.9845963151831376, 0.9830843931750247, 0.7472009156879625, 0.6008800315229517, 1.1169528380820626, 0.655483387018505, 0.7015688058577085, 0.4935314725888403, 0.6364827312921223, 0.8174360543489456, 0.7088192395473781, 0.4611845251760985, 0.5321570877966127, 0.552096404527363, 0.44753503642584147, 0.5325737795547435, 0.43558786966298757, 0.42586514510606466, 0.40958735268366964, 0.39735009952595357, 0.37751728060998413, 0.36160770450767715, 0.3648912820376848, 0.35125385695382166, 0.36527258393011597], "val_mae": [0.650909982229534, 0.5410844965984947, 0.48238585889339447, 0.4759352960084614, 0.5919880647408334, 0.4783644166431929, 0.4956010125185314, 0.42440201655814525, 0.4680817535049037, 0.4872801068582033, 0.4595079571008682, 0.4140492097327584, 0.4232547981174369, 0.43139337081658213, 0.4103337181241889, 0.4192195534706116, 0.4042444927127738, 0.3877552645771127, 0.3889562377804204, 0.37867502240758194, 0.3748815506696701, 0.37513321873388794, 0.3742388792728123, 0.36675555611911576, 0.3692335086433511]}