{"loss": [1.14061736828321, 0.7933023660988002, 0.6523340344429016, 0.6293774332318988, 0.6207020093094219, 0.612246583421509, 0.6189519550119128, 0.6023492220934336, 0.6060689335519617, 0.591484036538508, 0.5954929466371413, 0.5838249991466473, 0.5729952802905789, 0.5585720322348855, 0.5465865880250931, 0.5422052843617154, 0.5313142373577341, 0.5224498202661415, 0.5142584170226927, 0.5050850075173687, 0.49390588081502296, 0.4874289252541282, 0.48068191614243894, 0.4769097889785643, 0.4747419595331341], "mse": [1.4331941279498013, 0.9695997605850171, 0.9188944662546182, 0.797834331726099, 0.7290649139261866, 0.7093769824737078, 0.6819760120147235, 0.6705334635524006, 0.6707413604894241, 0.6475856615738436, 0.9223388454743794, 0.6290865370205471, 0.6374074060034443, 1.0535094813480006, 0.62320350865265, 0.8301408412781629, 0.5929542743153386, 0.5524729552207055, 0.5285233609475098, 0.5314630982163665, 0.554565470520552, 0.48887997168999214, 0.599391996473461, 0.48298930579965765, 0.5315055535598234], "mae": [0.864155791409604, 0.6534347526438824, 0.5994617346819345, 0.5782921225219578, 0.5652058844442491, 0.5598951405906057, 0.5570179483333191, 0.5481267163118759, 0.5502430825651466, 0.5419058025657356, 0.5533153921752781, 0.5333054315347177, 0.5293442258587131, 0.5249334064783988, 0.518381429957105, 0.5160372994549862, 0.5089011465187196, 0.5042837647261558, 0.49983562780665114, 0.4939616227691824, 0.4913106138830061, 0.48507977248012246, 0.48461077662257407, 0.4815956841815602, 0.47997977458811425], "val_loss": [0.905452032883962, 0.6070807509952121, 0.6188164378205935, 0.5690121601025263, 0.622228162156211, 0.6089003110925356, 0.5955649962027868, 0.5550284104214774, 0.5751670449972153, 0.5439730683962504, 0.5821671038866043, 0.5362374368641112, 0.5171911377045844, 0.5153944657908546, 0.5112708707650503, 0.5132087270418803, 0.5119559483395683, 0.4914854003323449, 0.5065126137601005, 0.49750908878114486, 0.48006806274255115, 0.4773929992483722, 0.4735102951526642, 0.4759407109684414, 0.47420378774404526], "val_mse": [1.0523122449715931, 0.9620228045516543, 1.0418227314949036, 0.7913116812705994, 0.8481483476029502, 0.5810811370611191, 0.7414801948600345, 0.6401655508412255, 0.5829469031757779, 0.6502322554588318, 0.6600435425837835, 0.6255763388342328, 1.5829395999511082, 0.59007385538684, 0.5444191429350111, 0.7059112191200256, 0.6034096827109655, 0.4855540626578861, 0.5203675048218833, 0.6681938684648938, 0.49225186308224994, 0.48055438448985416, 0.49550197190708584, 0.48701045910517377, 0.4817255122794045], "val_mae": [0.7242635091145834, 0.6006042642725838, 0.6254415661096573, 0.5731340150038401, 0.587880970703231, 0.5262740436527464, 0.5696490208307902, 0.5315464470121596, 0.5151752216948403, 0.5317229198084937, 0.5462003664837943, 0.5331462572018305, 0.5107998665836122, 0.5195686469475428, 0.5036086406972673, 0.5167092846499549, 0.5093912382920583, 0.48357446326149833, 0.48079680403073627, 0.48682351575957405, 0.4777853422694736, 0.4771515130996704, 0.4759259306722217, 0.47871875431802535, 0.47861261831389534]}