{"loss": [1.193573937696569, 0.6344028262092787, 0.4265522389289211, 0.3747083406676264, 0.38348328716614666, 0.40762975636650534, 0.4261332184952848, 0.367734028464731, 0.35456584262497287, 0.33600039144649224, 0.31157290201415033, 0.29153765803750825, 0.2964746491873966, 0.27269175352857394, 0.2595978100948474, 0.24463743135771332, 0.2302638372296796, 0.21435560609268792, 0.21293915150796666, 0.20052165620248108, 0.18385819104664466, 0.17548485105747685, 0.16636085762258837, 0.15991998359780102, 0.15585334692150354], "mse": [1.6777028857785112, 0.9465474192710484, 0.9312900418744368, 0.7664890486527892, 0.7414169863742941, 0.747890234212665, 0.7017364672878209, 0.651622102541082, 0.6849349813864511, 0.5907338471973643, 0.5850318407311159, 0.5263438886579346, 0.5102827774689478, 0.5040663986959878, 0.4697821900686797, 0.47367112864466276, 0.4335522796301281, 0.4048885234138545, 0.4164181850193178, 0.4056047271279728, 0.355137225240469, 0.3607832424561767, 0.34659737217075687, 0.3318523500552949, 0.3328711115481222], "mae": [0.9218492963734795, 0.591108489124214, 0.5231687676380662, 0.48906779376899495, 0.48490825317361774, 0.4913876913487911, 0.4942405975478537, 0.46823853604933796, 0.46632106076268587, 0.45138472077601094, 0.4431130421512267, 0.42967600002884865, 0.4279136510894579, 0.4210102470482097, 0.4123591309522881, 0.40946267786271434, 0.3996796980500221, 0.39177683850421624, 0.3928062477532555, 0.38734794802525463, 0.3783763298655258, 0.37464764670414086, 0.3701640080441447, 0.3667665389092529, 0.3677534439107951], "val_loss": [0.8635814017371127, 0.437392469299467, 0.3773813035927321, 0.36441010707303095, 0.3950855182973962, 0.41934841871261597, 0.367354364771592, 0.2923091830391633, 0.30764487777885635, 0.30274070720923574, 0.2738714829871529, 0.3306261477501769, 0.2673914138423769, 0.25451187358090754, 0.23356357687398008, 0.23266822452607908, 0.20100588214240575, 0.20245065971424706, 0.19802559010292353, 0.17669620011982165, 0.17069577994315246, 0.1618758191011454, 0.153687799839597, 0.1509579539691147, 0.14980074743691243], "val_mse": [1.1962287771074396, 1.050666299305464, 1.1328129125268835, 0.7320683331866014, 0.7214509656554774, 0.5817740363510031, 0.6037055269667977, 0.590710923075676, 0.6336149675281424, 0.624645436280652, 0.5036074558370992, 0.5444628227698175, 0.7203029998038945, 0.5623224777610678, 0.4341100132779071, 0.4416557832768089, 0.38563962594458934, 0.3688015624096519, 0.43701556795521784, 0.40255706482811976, 0.3744221376745324, 0.3385588209095754, 0.3386002724107943, 0.32008620704475205, 0.33701540216019277], "val_mae": [0.7203852691148457, 0.5301327477944525, 0.5446420625636452, 0.4661093165999965, 0.5013226749081361, 0.48269812449028615, 0.4614105185395793, 0.44089953679787486, 0.4605515818846853, 0.44036104961445455, 0.4345222688034961, 0.4261828919774608, 0.4580732842809276, 0.43010952127607244, 0.3999442489523637, 0.39912256598472595, 0.3815459381592901, 0.3816014771398745, 0.3880077522051962, 0.3807097195010436, 0.3794528959613097, 0.3704753243609479, 0.37138487320197255, 0.3647563763354954, 0.3645183757731789]}