{"loss": [0.9642820884199703, 0.5809606962344226, 0.4086097384638646, 0.37019338765565085, 0.3938619930516271, 0.4077198325711138, 0.4054328161565697, 0.4078131633646348, 0.4130610157461727, 0.3591654912075576, 0.33300026517142267, 0.3047325637410669, 0.2778799019973068, 0.26153558766578927, 0.2578354468021323, 0.23938196897506714, 0.23260211933623343, 0.2198329730068936, 0.2077066326404319, 0.1951344798812095, 0.18065634216455853, 0.17105091187883825, 0.1640481207629337, 0.16293578014216004, 0.157201958272387], "mse": [1.20856472762192, 1.104333783773815, 1.0458178577177666, 0.7300958664101713, 0.7511409869527116, 0.7582093367681784, 0.7048918265191948, 0.6811599913327133, 0.9651615146328422, 0.6159384824773845, 0.5567319888402434, 0.5368995188790209, 0.5123348882531419, 0.47692833073875485, 0.4974217333776109, 0.44854894850183935, 0.4468398157726316, 0.40870606877348004, 0.43360740647596474, 0.3925911249483333, 0.37319782332462426, 0.35095742355813, 0.3461124594597256, 0.3502429340253858, 0.3460463835474323], "mae": [0.750059129560695, 0.5874603463008123, 0.5264799728551331, 0.48211340146029696, 0.48963431575719046, 0.49166140091769833, 0.48631155578529134, 0.48574501056881514, 0.5015374630251351, 0.46226609125733376, 0.44723668935544353, 0.43645893541329045, 0.4250108049634625, 0.4130382743828437, 0.41564509338315797, 0.4043640301508062, 0.40276631910134764, 0.39384766668081284, 0.3933843742398655, 0.3857698561075856, 0.37859631855698195, 0.37409518724855256, 0.3711482715957305, 0.37065935485503254, 0.3703485188238761], "val_loss": [0.6666135505626076, 0.45533166276781184, 0.33542554237340627, 0.3980406303154795, 0.32568123701371643, 0.40777311670152766, 0.3677209607864681, 0.4997702248786625, 0.4191477910468453, 0.3091945922688434, 0.3334155145444368, 0.2868141143729812, 0.26306885284812825, 0.2336746834610638, 0.21814760291262678, 0.21880449433075755, 0.22220653060235476, 0.21519116547546888, 0.21025340259075165, 0.16859751704492068, 0.16727937307012708, 0.15543314559679283, 0.15310743058982648, 0.15037646125021734, 0.14961194148973414], "val_mse": [0.8729984336777737, 1.5712586327602989, 0.7602039199126395, 0.5453616906153528, 0.5824872694517437, 0.5457629153603002, 0.6260093803468504, 0.9074895930917639, 0.7119201515850268, 0.5935781919642499, 0.4531866712005515, 0.5475057183127654, 0.4719487577676773, 0.48490273246639654, 0.46779976236192805, 0.4322133597574736, 0.3963329533213063, 0.4936094927160363, 0.5900986178925163, 0.345392738517962, 0.34964514249249506, 0.3394426162305631, 0.34811342389960037, 0.35472049760191066, 0.3482986425882892], "val_mae": [0.5922992386315998, 0.601628912122626, 0.4828915941087823, 0.4412925478659178, 0.45202777417082535, 0.44200288778857183, 0.4637489601185447, 0.5603073521664268, 0.47765450179576874, 0.4496629747905229, 0.4270096609466954, 0.435314983913773, 0.4294002652168274, 0.40830942753114197, 0.40397195831725474, 0.3958423443530735, 0.40069042773623215, 0.416448322565932, 0.42770881637146596, 0.3716193100339488, 0.3670672280223746, 0.36556313461379003, 0.37052806427604273, 0.37267393187472697, 0.3675437248066852]}