{"loss": [0.9263076677041895, 0.511496647973271], "mse": [1.2499800889807589, 0.8575524867457502], "mae": [0.7469694145462092, 0.5388120842330596], "val_loss": [0.6255925282051689, 0.4755090428026099], "val_mse": [0.7309503037678567, 1.3504320241903003], "val_mae": [0.5302201493790275, 0.5976936268179041]}