{"loss": [1.1615747471942621, 0.6024389280115857, 0.42272647755110965, 0.36456404166186557, 0.4042783223969095, 0.38888194762608586, 0.48725485779783306, 0.41636382087188606, 0.4084277979153044, 0.3812035877695855, 0.3537733986535493, 0.3043379374944112, 0.3433878133621286, 0.3199518436894697, 0.2684669726911713, 0.2512204224134193, 0.30616630000226636, 0.45724193050580864, 0.3169334293069208, 0.2710458280189949, 0.24761458902674563, 0.22597489034866586, 0.21370934212909026, 0.20853572141598253, 0.20486774821491802], "mse": [1.6372480497640722, 0.9904065239517128, 0.9603612953249145, 0.7587933888768449, 0.6773162613458493, 0.7372509521596572, 0.7607399889213198, 0.7277702708892962, 1.28631601307322, 0.6805428146001171, 0.617702485226533, 0.5255907984340892, 1.0166773883735432, 1.7708825412042, 0.6501572213190443, 0.5300355178906637, 0.6203941873767796, 0.7487095178050154, 0.4725411819184528, 0.43082395195961, 0.4082222861402175, 0.38628337115925904, 0.3757198157117647, 0.36662709318539677, 0.3664488393594237], "mae": [0.911263190648135, 0.5817592093611464, 0.523949696956312, 0.48337020659271407, 0.4870515240027624, 0.48330095717135596, 0.5208836340290659, 0.4879487148102592, 0.5077464256216498, 0.47003564391942587, 0.45841526042889147, 0.43287966904394765, 0.4772025342373287, 0.46456506103277206, 0.4199816393939888, 0.415132588980829, 0.43978264029411707, 0.5085499553995974, 0.43132394661798196, 0.41303764546618743, 0.40282656865961414, 0.39367110194528804, 0.388427666224101, 0.3870678042225978, 0.38617433782886057], "val_loss": [0.7881935740772047, 0.4245728607240476, 0.3552052810003883, 0.3783321388457951, 0.3406868035856046, 0.3564954078511188, 0.4283640604270132, 0.3561504098929857, 0.3233770332054088, 0.3021200471802762, 0.2917546676961999, 0.398994590891035, 0.26994416000027405, 0.2632328801249203, 0.27591504823220403, 0.23964714141268478, 0.31998829229881887, 0.3152177961249101, 0.25697587273622813, 0.2488193704109443, 0.21118296329912387, 0.19440951629688866, 0.19344621700675865, 0.18756058714107463, 0.18592872901966698], "val_mse": [0.9965172692349082, 0.9058870908461119, 0.7016423203443226, 0.6980707363078469, 0.7012763478254017, 0.5658953652570122, 0.6149330578352276, 0.7779449310741926, 0.6113316550066596, 0.5132644474506378, 0.4696221767287505, 2.631711167724509, 0.5640863117418791, 0.5051066404894778, 0.8368968147980539, 0.4947258085012436, 0.5895706297535646, 0.45207196787783976, 0.39889222226644816, 0.4299574415934713, 0.3853741201915239, 0.36722523444577265, 0.3857176523459585, 0.34665221760147497, 0.3492403877408881], "val_mae": [0.6339275852630013, 0.5232661664485931, 0.4759535969872224, 0.49652028162228434, 0.4689464678889827, 0.4504306520286359, 0.4904872869190417, 0.47533971384951945, 0.4352702976841676, 0.42775189405993413, 0.4215574240998218, 0.601413820134966, 0.44281491715657084, 0.4033555200225429, 0.4511067930020784, 0.3982287064978951, 0.46287411059203903, 0.42151915321224614, 0.40739210891096217, 0.42028115219191503, 0.39240198307915736, 0.3845510953351071, 0.38927147968819265, 0.38231364206263896, 0.3772204683015221]}