{"loss": [0.9840202835552833, 0.5452448392615599, 0.399967093458947, 0.3796031374265166, 0.37297268518630194, 0.4063454721780384, 0.4457836431615493, 0.5914401468985221, 374290306.9414982, 3.1749748675262226, 3.1769572654191185, 3.1726153563050663, 3.171868392649819, 3.1714815357152153, 3.1711265865494225, 3.171078433008755, 3.170897422467961, 3.170744576874901, 3.1707162261009216, 3.1706250976113712, 3.170619629761752], "mse": [1.281295161913423, 1.0459156202919342, 0.9270225184805253, 0.707473882857491, 0.6358628621434465, 0.744061591432375, 0.7623690511373913, 68.49691715880351, 582.6501494716196, 191.63123568366555, 189.94650027331184, 184.82344144933364, 108.82613950617173, 85.79921840218937, 91.75916778340058, 84.25436883814194, 78.94099925546085, 78.91443101097556, 74.35163638171028, 77.14785749772015, 73.55997349234188], "mae": [0.7684847861528397, 0.5682093128561974, 0.5128801901112584, 0.4825999114443274, 0.46888386107542934, 0.48779258679817705, 0.510521656669238, 1.1346625698839916, 7.557915035416098, 7.203285837874693, 7.128166819320006, 7.124843611436732, 7.043832200414994, 7.017147604156943, 7.011864704244277, 7.012873895028058, 6.966074747197768, 6.997634519548977, 6.969671417685116, 6.964416703757117, 6.960410367040073], "val_loss": [0.6864527636452725, 0.42062627484923915, 0.3669711343551937, 0.3450070580369548, 0.48992170471894114, 0.32362584299162817, 0.461919809642591, 3.040005639979714, 3.1751794689580013, 3.17220685983959, 3.1725072107816996, 3.1715758913441707, 3.1709410328614083, 3.1704510826813546, 3.170216817604868, 3.170158499165585, 3.1700856685638428, 3.1700521080117476, 3.1700305687753776, 3.1700189741034257, 3.1700080758646916], "val_mse": [0.9647162540962821, 0.7872955595192156, 0.8321190319563213, 0.8719264943348733, 0.7250353129286515, 0.5077171019817653, 0.9830585561300579, 2874.72117213199, 502.07343272158977, 123.63020123933491, 142.24814264397872, 127.88160143400493, 255.5692662690815, 78.93376380518863, 78.7512008265445, 143.2086779945775, 99.97872703953793, 73.38481039749949, 74.10895136782997, 72.61139237253289, 73.61167747096012], "val_mae": [0.6158203153233779, 0.48308609269167246, 0.48765543024790914, 0.4993163425671427, 0.5564022142636148, 0.4296520948410034, 0.5510299692028447, 20.826894910711992, 7.376364720495124, 7.088877502240632, 7.1087399909370825, 7.085307485178897, 7.0448025402269865, 6.9720448067313745, 7.0051454368390536, 7.04389564614547, 6.98601211999592, 6.952511436060855, 6.968010300084164, 6.961631549032111, 6.969782590866089]}