{"loss": [1.1609500700777227, 0.7877034045659103, 0.6396160323124427, 0.618505647043129, 0.6232044634880958, 0.6478755892097176, 0.6378696065444451, 0.6106470836834474, 0.6090664910031603, 0.6079552084594578, 0.5993321986941548, 0.6555855541260212, 0.5924981070029272, 0.5732888018156027, 0.5766825430191956, 0.5543653115436629, 0.5457528928270587, 0.5288871596385907, 0.5228791368472112, 0.5101323892156799, 0.5011592257719535, 0.49674520109380993, 0.48959397689088596, 0.484704941124111, 0.4826907254271693], "mse": [1.489890595148136, 0.9514176083075536, 0.9184312623042565, 0.7519683615340815, 0.7536226298127856, 0.7840896635860591, 0.7903641864850923, 0.7035647152693241, 0.7144423359400266, 0.7950467935630253, 0.7211576580227196, 1.0076362771260274, 0.6810633278899378, 0.6460920595503473, 0.6445592125127841, 0.6351798641217219, 0.5864808884533969, 0.5648406051196061, 0.5539407937170623, 0.5181916501227911, 0.516250079134842, 0.5073226525799021, 0.4964119501702197, 0.5057553718616437, 0.49094063391933196], "mae": [0.8863588470917243, 0.6498873988529305, 0.5944201172172249, 0.566452684340539, 0.5666176769640539, 0.5800647064075841, 0.5746832772508844, 0.5555462099902042, 0.5559638421256821, 0.5630255461513222, 0.5521265922428725, 0.5994592129023044, 0.5477494429071228, 0.5337551627066228, 0.5362622979786489, 0.5266944961501406, 0.5169819080597394, 0.5092544905938111, 0.5044377599056665, 0.49600291735940166, 0.49258562477378104, 0.4909168106394929, 0.48678383018289295, 0.4845761871570117, 0.48337302405338783], "val_loss": [0.90426391032007, 0.644616961479187, 0.5617415093713336, 0.5980463557773166, 0.5974097169107861, 0.7679690602752898, 0.586040167344941, 0.5723714464240603, 0.6041128039360046, 0.649084167348014, 0.5534650683403015, 0.5957451777325736, 0.5678699794742796, 0.5933645880884595, 0.5759733277890418, 0.5345585097869238, 0.5188842490315437, 0.5101768871148428, 0.504347155491511, 0.5047878060075972, 0.511707627111011, 0.49853930208418107, 0.4925459639893638, 0.49332070847352344, 0.4928700029850006], "val_mse": [1.0499782297346327, 0.9118913925356336, 0.7905011574427286, 0.7690722809897529, 0.6744917862945132, 1.2597856902413898, 0.8716731700632308, 0.6663980964157317, 0.7452626476685206, 0.7491154604487948, 0.6909223116106458, 0.7782863179842631, 0.6859088407622443, 0.8596967707077662, 0.6278104235728582, 0.6349296967188517, 0.5463272316588296, 0.5456876440180672, 0.5295736375782225, 0.4951455593109131, 0.5263340208265517, 0.48047203984525466, 0.5083695385191176, 0.5198820365799798, 0.4883394026094013], "val_mae": [0.7210408780309889, 0.5955813808573617, 0.5602299819389979, 0.5772229085365931, 0.5534355574183993, 0.6939657926559448, 0.5920256227254868, 0.5398676958349016, 0.5608116653230455, 0.566939127114084, 0.5325617856449552, 0.5691354821125666, 0.5368257082170911, 0.5858573880460527, 0.5268940892484453, 0.5293630626466539, 0.4982578886879815, 0.4976443317201402, 0.4934534596072303, 0.4899736891190211, 0.4919246716631783, 0.4824528462356991, 0.48301846120092606, 0.4893878284427855, 0.47755394379297894]}